away_id,away_score,game_date,game_id,home_id,home_score,status,team_name,win_status
142,16.0,2019-05-23,564759,108,7.0,Final,Los Angeles Angels,1.0
140,4.0,2019-05-24,564760,108,3.0,Final,Los Angeles Angels,1.0
140,2.0,2019-05-25,564761,108,3.0,Final,Los Angeles Angels,1.0
140,6.0,2019-05-26,564762,108,7.0,Final,Los Angeles Angels,1.0
108,5.0,2019-05-27,566111,133,8.0,Final,Los Angeles Angels,0.0
108,6.0,2019-05-28,566112,133,4.0,Final,Los Angeles Angels,0.0
108,12.0,2019-05-29,566113,133,7.0,Final,Los Angeles Angels,0.0
108,9.0,2019-05-30,566399,136,3.0,Final,Los Angeles Angels,0.0
108,3.0,2019-05-31,566400,136,4.0,Final,Los Angeles Angels,0.0
108,6.0,2019-06-01,566401,136,3.0,Final,Los Angeles Angels,0.0
108,13.0,2019-06-02,566402,136,3.0,Final,Los Angeles Angels,0.0
108,1.0,2019-06-03,565129,112,8.0,Final,Los Angeles Angels,0.0
133,4.0,2019-06-04,564763,108,2.0,Final,Los Angeles Angels,1.0
133,9.0,2019-06-05,564764,108,10.0,Final,Los Angeles Angels,1.0
133,7.0,2019-06-06,564765,108,4.0,Final,Los Angeles Angels,1.0
136,6.0,2019-06-07,564766,108,2.0,Final,Los Angeles Angels,1.0
136,3.0,2019-06-08,564767,108,12.0,Final,Los Angeles Angels,1.0
136,9.0,2019-06-09,564768,108,3.0,Final,Los Angeles Angels,1.0
119,3.0,2019-06-10,564769,108,5.0,Final,Los Angeles Angels,1.0
119,3.0,2019-06-11,564770,108,5.0,Final,Los Angeles Angels,1.0
108,5.0,2019-06-13,566698,139,3.0,Final,Los Angeles Angels,0.0
108,4.0,2019-06-14,566699,139,9.0,Final,Los Angeles Angels,0.0
108,5.0,2019-06-15,566700,139,3.0,Final,Los Angeles Angels,0.0
108,5.0,2019-06-16,566701,139,6.0,Final,Los Angeles Angels,0.0
108,10.0,2019-06-17,566898,141,5.0,Final,Los Angeles Angels,0.0
108,3.0,2019-06-18,566899,141,1.0,Final,Los Angeles Angels,0.0
108,11.0,2019-06-19,566900,141,6.0,Final,Los Angeles Angels,0.0
108,5.0,2019-06-20,566901,141,7.0,Final,Los Angeles Angels,0.0
108,1.0,2019-06-21,566605,138,5.0,Final,Los Angeles Angels,0.0
108,2.0,2019-06-22,566606,138,4.0,Final,Los Angeles Angels,0.0
108,6.0,2019-06-23,566607,138,4.0,Final,Los Angeles Angels,0.0
113,1.0,2019-06-25,564771,108,5.0,Final,Los Angeles Angels,1.0
113,1.0,2019-06-26,564772,108,5.0,Final,Los Angeles Angels,1.0
133,3.0,2019-06-27,564773,108,8.0,Final,Los Angeles Angels,1.0
133,7.0,2019-06-28,564774,108,2.0,Final,Los Angeles Angels,1.0
133,4.0,2019-06-29,564775,108,0.0,Final,Los Angeles Angels,1.0
133,12.0,2019-06-30,564776,108,3.0,Final,Los Angeles Angels,1.0
108,,2019-07-01,566806,140,,Postponed,Los Angeles Angels,
108,9.0,2019-07-02,566807,140,4.0,Final,Los Angeles Angels,0.0
108,6.0,2019-07-03,566808,140,2.0,Final,Los Angeles Angels,0.0
108,3.0,2019-07-04,566809,140,9.0,Final,Los Angeles Angels,0.0
108,5.0,2019-07-05,565650,117,4.0,Final,Los Angeles Angels,0.0
108,0.0,2019-07-06,565651,117,4.0,Final,Los Angeles Angels,0.0
108,10.0,2019-07-07,565652,117,11.0,Final,Los Angeles Angels,0.0
136,0.0,2019-07-12,564777,108,13.0,Final,Los Angeles Angels,1.0
136,2.0,2019-07-13,564778,108,9.0,Final,Los Angeles Angels,1.0
136,3.0,2019-07-14,564779,108,6.0,Final,Los Angeles Angels,1.0
117,6.0,2019-07-15,564780,108,9.0,Final,Los Angeles Angels,1.0
117,2.0,2019-07-16,564781,108,7.0,Final,Los Angeles Angels,1.0
117,11.0,2019-07-17,564782,108,2.0,Final,Los Angeles Angels,1.0
117,6.0,2019-07-18,564783,108,2.0,Final,Los Angeles Angels,1.0
108,0.0,2019-07-19,566420,136,10.0,Final,Los Angeles Angels,0.0
108,6.0,2019-07-20,566421,136,2.0,Final,Los Angeles Angels,0.0
108,9.0,2019-07-21,566422,136,3.0,Final,Los Angeles Angels,0.0
108,5.0,2019-07-23,565851,119,4.0,Final,Los Angeles Angels,0.0
109,18.0,2019-05-24,566496,137,2.0,Final,Arizona Diamondbacks,0.0
109,10.0,2019-05-25,566497,137,4.0,Final,Arizona Diamondbacks,0.0
109,6.0,2019-05-26,566498,137,2.0,Final,Arizona Diamondbacks,0.0
109,3.0,2019-05-27,565438,115,4.0,Final,Arizona Diamondbacks,0.0
109,2.0,2019-05-28,565439,115,6.0,Final,Arizona Diamondbacks,0.0
109,4.0,2019-05-29,565440,115,5.0,Final,Arizona Diamondbacks,0.0
109,10.0,2019-05-30,565441,115,11.0,Final,Arizona Diamondbacks,0.0
121,5.0,2019-05-31,564857,109,4.0,Final,Arizona Diamondbacks,1.0
121,5.0,2019-06-01,564858,109,6.0,Final,Arizona Diamondbacks,1.0
121,1.0,2019-06-02,564859,109,7.0,Final,Arizona Diamondbacks,1.0
119,3.0,2019-06-03,564860,109,1.0,Final,Arizona Diamondbacks,1.0
119,9.0,2019-06-04,564861,109,0.0,Final,Arizona Diamondbacks,1.0
119,2.0,2019-06-05,564862,109,3.0,Final,Arizona Diamondbacks,1.0
109,8.0,2019-06-07,566895,141,2.0,Final,Arizona Diamondbacks,0.0
109,6.0,2019-06-08,566896,141,0.0,Final,Arizona Diamondbacks,0.0
109,8.0,2019-06-09,566897,141,2.0,Final,Arizona Diamondbacks,0.0
109,13.0,2019-06-10,567093,143,8.0,Final,Arizona Diamondbacks,0.0
109,4.0,2019-06-11,567094,143,7.0,Final,Arizona Diamondbacks,0.0
109,2.0,2019-06-12,567095,143,0.0,Final,Arizona Diamondbacks,0.0
109,5.0,2019-06-13,565925,120,0.0,Final,Arizona Diamondbacks,0.0
109,3.0,2019-06-14,565926,120,7.0,Final,Arizona Diamondbacks,0.0
109,10.0,2019-06-15,565927,120,3.0,Final,Arizona Diamondbacks,0.0
109,5.0,2019-06-16,565928,120,15.0,Final,Arizona Diamondbacks,0.0
115,8.0,2019-06-18,564863,109,1.0,Final,Arizona Diamondbacks,1.0
115,6.0,2019-06-19,564864,109,4.0,Final,Arizona Diamondbacks,1.0
115,6.0,2019-06-20,564865,109,4.0,Final,Arizona Diamondbacks,1.0
137,11.0,2019-06-21,564866,109,5.0,Final,Arizona Diamondbacks,1.0
137,7.0,2019-06-22,564867,109,4.0,Final,Arizona Diamondbacks,1.0
137,2.0,2019-06-23,564868,109,3.0,Final,Arizona Diamondbacks,1.0
119,5.0,2019-06-24,564869,109,8.0,Final,Arizona Diamondbacks,1.0
119,3.0,2019-06-25,564870,109,2.0,Final,Arizona Diamondbacks,1.0
119,2.0,2019-06-26,564871,109,8.0,Final,Arizona Diamondbacks,1.0
109,5.0,2019-06-27,566512,137,1.0,Final,Arizona Diamondbacks,0.0
109,3.0,2019-06-28,566510,137,6.0,Final,Arizona Diamondbacks,0.0
109,4.0,2019-06-29,566511,137,3.0,Final,Arizona Diamondbacks,0.0
109,4.0,2019-06-30,566513,137,10.0,Final,Arizona Diamondbacks,0.0
109,4.0,2019-07-02,565842,119,5.0,Final,Arizona Diamondbacks,0.0
109,4.0,2019-07-03,565843,119,5.0,Final,Arizona Diamondbacks,0.0
115,0.0,2019-07-05,564872,109,8.0,Final,Arizona Diamondbacks,1.0
115,2.0,2019-07-06,564873,109,4.0,Final,Arizona Diamondbacks,1.0
115,3.0,2019-07-07,564874,109,5.0,Final,Arizona Diamondbacks,1.0
109,4.0,2019-07-12,566610,138,2.0,Final,Arizona Diamondbacks,0.0
109,2.0,2019-07-13,566611,138,4.0,Final,Arizona Diamondbacks,0.0
109,2.0,2019-07-14,566612,138,5.0,Final,Arizona Diamondbacks,0.0
109,9.0,2019-07-16,566814,140,2.0,Final,Arizona Diamondbacks,0.0
109,19.0,2019-07-17,566815,140,4.0,Final,Arizona Diamondbacks,0.0
158,5.0,2019-07-18,564875,109,1.0,Final,Arizona Diamondbacks,1.0
158,7.0,2019-07-19,564876,109,10.0,Final,Arizona Diamondbacks,1.0
158,8.0,2019-07-20,564877,109,3.0,Final,Arizona Diamondbacks,1.0
158,7.0,2019-07-21,564878,109,4.0,Final,Arizona Diamondbacks,1.0
110,3.0,2019-07-22,564879,109,6.0,Final,Arizona Diamondbacks,1.0
110,7.0,2019-07-23,564880,109,2.0,Final,Arizona Diamondbacks,1.0
147,6.0,2019-05-23,564955,110,5.0,Final,Baltimore Orioles,1.0
110,6.0,2019-05-24,565435,115,8.0,Final,Baltimore Orioles,0.0
110,9.0,2019-05-25,565436,115,6.0,Final,Baltimore Orioles,0.0
110,7.0,2019-05-26,565437,115,8.0,Final,Baltimore Orioles,0.0
116,3.0,2019-05-27,564956,110,5.0,Final,Baltimore Orioles,1.0
116,3.0,2019-05-28,564957,110,0.0,Final,Baltimore Orioles,1.0
116,4.0,2019-05-29,564958,110,2.0,Final,Baltimore Orioles,1.0
137,6.0,2019-05-31,564959,110,9.0,Final,Baltimore Orioles,1.0
137,8.0,2019-06-01,564960,110,2.0,Final,Baltimore Orioles,1.0
137,8.0,2019-06-02,564961,110,1.0,Final,Baltimore Orioles,1.0
110,12.0,2019-06-04,566793,140,11.0,Final,Baltimore Orioles,0.0
110,1.0,2019-06-05,566794,140,2.0,Final,Baltimore Orioles,0.0
110,3.0,2019-06-06,566795,140,4.0,Final,Baltimore Orioles,0.0
110,3.0,2019-06-07,565636,117,4.0,Final,Baltimore Orioles,0.0
110,4.0,2019-06-08,565637,117,1.0,Final,Baltimore Orioles,0.0
110,0.0,2019-06-09,565638,117,4.0,Final,Baltimore Orioles,0.0
141,2.0,2019-06-11,564962,110,4.0,Final,Baltimore Orioles,1.0
141,8.0,2019-06-12,564963,110,6.0,Final,Baltimore Orioles,1.0
141,12.0,2019-06-13,564964,110,3.0,Final,Baltimore Orioles,1.0
111,13.0,2019-06-14,564965,110,2.0,Final,Baltimore Orioles,1.0
111,7.0,2019-06-15,564966,110,2.0,Final,Baltimore Orioles,1.0
111,8.0,2019-06-16,564967,110,6.0,Final,Baltimore Orioles,1.0
110,2.0,2019-06-17,566120,133,3.0,Final,Baltimore Orioles,0.0
110,2.0,2019-06-18,566121,133,16.0,Final,Baltimore Orioles,0.0
110,3.0,2019-06-19,566122,133,8.0,Final,Baltimore Orioles,0.0
110,2.0,2019-06-20,566410,136,5.0,Final,Baltimore Orioles,0.0
110,9.0,2019-06-21,566411,136,10.0,Final,Baltimore Orioles,0.0
110,8.0,2019-06-22,566412,136,4.0,Final,Baltimore Orioles,0.0
110,3.0,2019-06-23,566413,136,13.0,Final,Baltimore Orioles,0.0
135,8.0,2019-06-25,564968,110,3.0,Final,Baltimore Orioles,1.0
135,10.0,2019-06-26,564969,110,5.0,Final,Baltimore Orioles,1.0
114,0.0,2019-06-28,564970,110,13.0,Final,Baltimore Orioles,1.0
114,0.0,2019-06-29,564971,110,13.0,Final,Baltimore Orioles,1.0
114,2.0,2019-06-30,564972,110,0.0,Final,Baltimore Orioles,1.0
110,3.0,2019-07-01,566705,139,6.0,Final,Baltimore Orioles,0.0
110,3.0,2019-07-02,566706,139,6.0,Final,Baltimore Orioles,0.0
110,9.0,2019-07-03,566707,139,6.0,Final,Baltimore Orioles,0.0
110,4.0,2019-07-05,566909,141,1.0,Final,Baltimore Orioles,0.0
110,8.0,2019-07-06,566910,141,1.0,Final,Baltimore Orioles,0.0
110,1.0,2019-07-07,566911,141,6.0,Final,Baltimore Orioles,0.0
139,16.0,2019-07-12,564973,110,4.0,Final,Baltimore Orioles,1.0
139,1.0,2019-07-13,564945,110,2.0,Final,Baltimore Orioles,1.0
139,12.0,2019-07-13,564974,110,4.0,Final,Baltimore Orioles,1.0
139,4.0,2019-07-14,564975,110,1.0,Final,Baltimore Orioles,1.0
120,8.0,2019-07-16,564976,110,1.0,Final,Baltimore Orioles,1.0
120,2.0,2019-07-17,564977,110,9.0,Final,Baltimore Orioles,1.0
111,2.0,2019-07-19,564978,110,11.0,Final,Baltimore Orioles,1.0
111,17.0,2019-07-20,564979,110,6.0,Final,Baltimore Orioles,1.0
111,0.0,2019-07-21,564980,110,5.0,Final,Baltimore Orioles,1.0
110,3.0,2019-07-22,564879,109,6.0,Final,Baltimore Orioles,0.0
110,7.0,2019-07-23,564880,109,2.0,Final,Baltimore Orioles,0.0
111,8.0,2019-05-23,566888,141,2.0,Final,Boston Red Sox,0.0
111,3.0,2019-05-24,565630,117,4.0,Final,Boston Red Sox,0.0
111,3.0,2019-05-25,565631,117,4.0,Final,Boston Red Sox,0.0
111,4.0,2019-05-26,565632,117,1.0,Final,Boston Red Sox,0.0
114,5.0,2019-05-27,565051,111,12.0,Final,Boston Red Sox,1.0
114,7.0,2019-05-28,565052,111,5.0,Final,Boston Red Sox,1.0
114,14.0,2019-05-29,565053,111,9.0,Final,Boston Red Sox,1.0
111,,2019-05-30,567487,147,,Postponed,Boston Red Sox,
111,1.0,2019-05-31,567488,147,4.0,Final,Boston Red Sox,0.0
111,3.0,2019-06-01,567489,147,5.0,Final,Boston Red Sox,0.0
111,8.0,2019-06-02,567490,147,5.0,Final,Boston Red Sox,0.0
111,8.0,2019-06-04,565730,118,3.0,Final,Boston Red Sox,0.0
111,8.0,2019-06-05,565731,118,0.0,Final,Boston Red Sox,0.0
111,7.0,2019-06-06,565732,118,5.0,Final,Boston Red Sox,0.0
139,5.0,2019-06-07,565054,111,1.0,Final,Boston Red Sox,1.0
139,9.0,2019-06-08,565055,111,2.0,Final,Boston Red Sox,1.0
139,1.0,2019-06-08,565037,111,5.0,Final,Boston Red Sox,1.0
139,6.0,2019-06-09,565056,111,1.0,Final,Boston Red Sox,1.0
140,4.0,2019-06-10,565057,111,3.0,Final,Boston Red Sox,1.0
140,9.0,2019-06-11,565058,111,5.0,Final,Boston Red Sox,1.0
140,3.0,2019-06-12,565059,111,4.0,Final,Boston Red Sox,1.0
140,6.0,2019-06-13,565060,111,7.0,Final,Boston Red Sox,1.0
111,13.0,2019-06-14,564965,110,2.0,Final,Boston Red Sox,0.0
111,7.0,2019-06-15,564966,110,2.0,Final,Boston Red Sox,0.0
111,8.0,2019-06-16,564967,110,6.0,Final,Boston Red Sox,0.0
111,2.0,2019-06-17,566996,142,0.0,Final,Boston Red Sox,0.0
111,3.0,2019-06-18,566997,142,4.0,Final,Boston Red Sox,0.0
111,9.0,2019-06-19,566998,142,4.0,Final,Boston Red Sox,0.0
141,5.0,2019-06-21,565061,111,7.0,Final,Boston Red Sox,1.0
141,8.0,2019-06-22,565062,111,7.0,Final,Boston Red Sox,1.0
141,6.0,2019-06-23,565063,111,1.0,Final,Boston Red Sox,1.0
145,5.0,2019-06-24,565064,111,6.0,Final,Boston Red Sox,1.0
145,3.0,2019-06-25,565065,111,6.0,Final,Boston Red Sox,1.0
145,8.0,2019-06-26,565066,111,7.0,Final,Boston Red Sox,1.0
147,17.0,2019-06-29,565067,111,13.0,Final,Boston Red Sox,1.0
147,12.0,2019-06-30,565068,111,8.0,Final,Boston Red Sox,1.0
111,10.0,2019-07-02,566906,141,6.0,Final,Boston Red Sox,0.0
111,3.0,2019-07-03,566907,141,6.0,Final,Boston Red Sox,0.0
111,8.0,2019-07-04,566908,141,7.0,Final,Boston Red Sox,0.0
111,9.0,2019-07-05,565553,116,6.0,Final,Boston Red Sox,0.0
111,10.0,2019-07-06,565554,116,6.0,Final,Boston Red Sox,0.0
111,6.0,2019-07-07,565555,116,3.0,Final,Boston Red Sox,0.0
119,1.0,2019-07-12,565069,111,8.0,Final,Boston Red Sox,1.0
119,11.0,2019-07-13,565070,111,2.0,Final,Boston Red Sox,1.0
119,7.0,2019-07-14,565071,111,4.0,Final,Boston Red Sox,1.0
141,8.0,2019-07-15,565072,111,10.0,Final,Boston Red Sox,1.0
141,10.0,2019-07-16,565073,111,4.0,Final,Boston Red Sox,1.0
141,4.0,2019-07-17,565074,111,5.0,Final,Boston Red Sox,1.0
141,0.0,2019-07-18,565075,111,5.0,Final,Boston Red Sox,1.0
111,2.0,2019-07-19,564978,110,11.0,Final,Boston Red Sox,0.0
111,17.0,2019-07-20,564979,110,6.0,Final,Boston Red Sox,0.0
111,0.0,2019-07-21,564980,110,5.0,Final,Boston Red Sox,0.0
111,9.0,2019-07-22,566715,139,4.0,Final,Boston Red Sox,0.0
111,5.0,2019-07-23,566716,139,4.0,Final,Boston Red Sox,0.0
143,9.0,2019-05-23,565149,112,7.0,Final,Chicago Cubs,1.0
113,6.0,2019-05-24,565150,112,5.0,Final,Chicago Cubs,1.0
113,6.0,2019-05-25,565151,112,8.0,Final,Chicago Cubs,1.0
113,10.0,2019-05-26,565152,112,2.0,Final,Chicago Cubs,1.0
112,5.0,2019-05-27,565633,117,6.0,Final,Chicago Cubs,0.0
112,6.0,2019-05-28,565634,117,9.0,Final,Chicago Cubs,0.0
112,2.0,2019-05-29,565635,117,1.0,Final,Chicago Cubs,0.0
112,1.0,2019-05-31,566595,138,2.0,Final,Chicago Cubs,0.0
112,4.0,2019-06-01,566596,138,7.0,Final,Chicago Cubs,0.0
112,1.0,2019-06-02,566597,138,2.0,Final,Chicago Cubs,0.0
108,1.0,2019-06-03,565129,112,8.0,Final,Chicago Cubs,1.0
115,3.0,2019-06-04,565153,112,6.0,Final,Chicago Cubs,1.0
115,8.0,2019-06-05,565154,112,9.0,Final,Chicago Cubs,1.0
115,3.0,2019-06-06,565155,112,1.0,Final,Chicago Cubs,1.0
138,1.0,2019-06-07,565156,112,3.0,Final,Chicago Cubs,1.0
138,4.0,2019-06-08,565157,112,9.0,Final,Chicago Cubs,1.0
138,1.0,2019-06-09,565158,112,5.0,Final,Chicago Cubs,1.0
112,5.0,2019-06-10,565445,115,6.0,Final,Chicago Cubs,0.0
112,3.0,2019-06-11,565446,115,10.0,Final,Chicago Cubs,0.0
112,10.0,2019-06-12,565447,115,1.0,Final,Chicago Cubs,0.0
112,3.0,2019-06-13,565831,119,7.0,Final,Chicago Cubs,0.0
112,3.0,2019-06-14,565832,119,5.0,Final,Chicago Cubs,0.0
112,2.0,2019-06-15,565833,119,1.0,Final,Chicago Cubs,0.0
112,2.0,2019-06-16,565834,119,3.0,Final,Chicago Cubs,0.0
145,3.0,2019-06-18,565159,112,1.0,Final,Chicago Cubs,1.0
145,3.0,2019-06-19,565160,112,7.0,Final,Chicago Cubs,1.0
121,4.0,2019-06-20,565161,112,7.0,Final,Chicago Cubs,1.0
121,5.0,2019-06-21,565162,112,4.0,Final,Chicago Cubs,1.0
121,10.0,2019-06-22,565163,112,2.0,Final,Chicago Cubs,1.0
121,3.0,2019-06-23,565164,112,5.0,Final,Chicago Cubs,1.0
144,3.0,2019-06-24,565165,112,8.0,Final,Chicago Cubs,1.0
144,3.0,2019-06-25,565166,112,2.0,Final,Chicago Cubs,1.0
144,5.0,2019-06-26,565167,112,3.0,Final,Chicago Cubs,1.0
144,7.0,2019-06-27,565168,112,9.0,Final,Chicago Cubs,1.0
112,3.0,2019-06-28,565256,113,6.0,Final,Chicago Cubs,0.0
112,6.0,2019-06-29,565257,113,0.0,Final,Chicago Cubs,0.0
112,6.0,2019-06-30,565258,113,8.0,Final,Chicago Cubs,0.0
112,5.0,2019-07-01,566216,134,18.0,Final,Chicago Cubs,0.0
112,1.0,2019-07-02,566217,134,5.0,Final,Chicago Cubs,0.0
112,5.0,2019-07-03,566218,134,6.0,Final,Chicago Cubs,0.0
112,11.0,2019-07-04,566219,134,3.0,Final,Chicago Cubs,0.0
112,6.0,2019-07-06,567307,145,3.0,Final,Chicago Cubs,0.0
112,1.0,2019-07-07,567308,145,3.0,Final,Chicago Cubs,0.0
134,3.0,2019-07-12,565169,112,4.0,Final,Chicago Cubs,1.0
134,4.0,2019-07-13,565170,112,10.0,Final,Chicago Cubs,1.0
134,3.0,2019-07-14,565171,112,8.0,Final,Chicago Cubs,1.0
113,6.0,2019-07-15,565172,112,3.0,Final,Chicago Cubs,1.0
113,3.0,2019-07-16,565173,112,4.0,Final,Chicago Cubs,1.0
113,2.0,2019-07-17,565174,112,5.0,Final,Chicago Cubs,1.0
135,5.0,2019-07-19,565175,112,6.0,Final,Chicago Cubs,1.0
135,5.0,2019-07-20,565176,112,6.0,Final,Chicago Cubs,1.0
135,5.0,2019-07-21,565177,112,1.0,Final,Chicago Cubs,1.0
112,4.0,2019-07-22,566521,137,5.0,Final,Chicago Cubs,0.0
112,4.0,2019-07-23,566522,137,5.0,Final,Chicago Cubs,0.0
113,6.0,2019-05-24,565150,112,5.0,Final,Cincinnati Reds,0.0
113,6.0,2019-05-25,565151,112,8.0,Final,Cincinnati Reds,0.0
113,10.0,2019-05-26,565152,112,2.0,Final,Cincinnati Reds,0.0
134,8.0,2019-05-27,565244,113,5.0,Final,Cincinnati Reds,1.0
134,1.0,2019-05-27,565221,113,8.0,Final,Cincinnati Reds,1.0
134,6.0,2019-05-28,565245,113,11.0,Final,Cincinnati Reds,1.0
134,7.0,2019-05-29,565246,113,2.0,Final,Cincinnati Reds,1.0
120,3.0,2019-05-31,565247,113,9.0,Final,Cincinnati Reds,1.0
120,5.0,2019-06-01,565248,113,2.0,Final,Cincinnati Reds,1.0
120,4.0,2019-06-02,565249,113,1.0,Final,Cincinnati Reds,1.0
113,4.0,2019-06-04,566598,138,1.0,Final,Cincinnati Reds,0.0
113,,2019-06-05,566599,138,,Postponed,Cincinnati Reds,
113,1.0,2019-06-06,566600,138,3.0,Final,Cincinnati Reds,0.0
113,2.0,2019-06-07,567090,143,4.0,Final,Cincinnati Reds,0.0
113,1.0,2019-06-08,567091,143,4.0,Final,Cincinnati Reds,0.0
113,4.0,2019-06-09,567092,143,3.0,Final,Cincinnati Reds,0.0
113,1.0,2019-06-11,565351,114,2.0,Final,Cincinnati Reds,0.0
113,7.0,2019-06-12,565352,114,2.0,Final,Cincinnati Reds,0.0
140,7.0,2019-06-14,565250,113,1.0,Final,Cincinnati Reds,1.0
140,4.0,2019-06-15,565251,113,3.0,Final,Cincinnati Reds,1.0
140,3.0,2019-06-16,565252,113,11.0,Final,Cincinnati Reds,1.0
117,2.0,2019-06-17,565253,113,3.0,Final,Cincinnati Reds,1.0
117,3.0,2019-06-18,565254,113,4.0,Final,Cincinnati Reds,1.0
117,2.0,2019-06-19,565255,113,3.0,Final,Cincinnati Reds,1.0
113,7.0,2019-06-20,567587,158,1.0,Final,Cincinnati Reds,0.0
113,11.0,2019-06-21,567588,158,7.0,Final,Cincinnati Reds,0.0
113,5.0,2019-06-22,567589,158,6.0,Final,Cincinnati Reds,0.0
113,5.0,2019-06-23,567590,158,7.0,Final,Cincinnati Reds,0.0
113,1.0,2019-06-25,564771,108,5.0,Final,Cincinnati Reds,0.0
113,1.0,2019-06-26,564772,108,5.0,Final,Cincinnati Reds,0.0
112,3.0,2019-06-28,565256,113,6.0,Final,Cincinnati Reds,1.0
112,6.0,2019-06-29,565257,113,0.0,Final,Cincinnati Reds,1.0
112,6.0,2019-06-30,565258,113,8.0,Final,Cincinnati Reds,1.0
158,8.0,2019-07-01,565259,113,6.0,Final,Cincinnati Reds,1.0
158,4.0,2019-07-02,565260,113,5.0,Final,Cincinnati Reds,1.0
158,0.0,2019-07-03,565261,113,3.0,Final,Cincinnati Reds,1.0
158,0.0,2019-07-04,565262,113,1.0,Final,Cincinnati Reds,1.0
114,7.0,2019-07-06,565263,113,2.0,Final,Cincinnati Reds,1.0
114,11.0,2019-07-07,565264,113,1.0,Final,Cincinnati Reds,1.0
113,2.0,2019-07-12,565458,115,3.0,Final,Cincinnati Reds,0.0
113,17.0,2019-07-13,565459,115,9.0,Final,Cincinnati Reds,0.0
113,9.0,2019-07-14,565460,115,10.0,Final,Cincinnati Reds,0.0
113,6.0,2019-07-15,565172,112,3.0,Final,Cincinnati Reds,0.0
113,3.0,2019-07-16,565173,112,4.0,Final,Cincinnati Reds,0.0
113,2.0,2019-07-17,565174,112,5.0,Final,Cincinnati Reds,0.0
138,7.0,2019-07-18,565265,113,4.0,Final,Cincinnati Reds,1.0
138,12.0,2019-07-19,565266,113,11.0,Final,Cincinnati Reds,1.0
138,2.0,2019-07-20,565267,113,3.0,Final,Cincinnati Reds,1.0
138,3.0,2019-07-21,565268,113,1.0,Final,Cincinnati Reds,1.0
113,6.0,2019-07-22,567603,158,5.0,Final,Cincinnati Reds,0.0
113,14.0,2019-07-23,567604,158,6.0,Final,Cincinnati Reds,0.0
139,7.0,2019-05-23,565341,114,2.0,Final,Cleveland Indians,1.0
139,1.0,2019-05-24,565342,114,3.0,Final,Cleveland Indians,1.0
139,6.0,2019-05-25,565343,114,2.0,Final,Cleveland Indians,1.0
139,6.0,2019-05-26,565344,114,3.0,Final,Cleveland Indians,1.0
114,5.0,2019-05-27,565051,111,12.0,Final,Cleveland Indians,0.0
114,7.0,2019-05-28,565052,111,5.0,Final,Cleveland Indians,0.0
114,14.0,2019-05-29,565053,111,9.0,Final,Cleveland Indians,0.0
114,4.0,2019-05-30,567291,145,10.0,Final,Cleveland Indians,0.0
114,1.0,2019-05-31,567292,145,6.0,Final,Cleveland Indians,0.0
114,5.0,2019-06-01,567293,145,2.0,Final,Cleveland Indians,0.0
114,0.0,2019-06-02,567294,145,2.0,Final,Cleveland Indians,0.0
142,2.0,2019-06-04,565345,114,5.0,Final,Cleveland Indians,1.0
142,7.0,2019-06-05,565346,114,9.0,Final,Cleveland Indians,1.0
142,5.0,2019-06-06,565347,114,4.0,Final,Cleveland Indians,1.0
147,2.0,2019-06-07,565348,114,5.0,Final,Cleveland Indians,1.0
147,4.0,2019-06-08,565349,114,8.0,Final,Cleveland Indians,1.0
147,7.0,2019-06-09,565350,114,6.0,Final,Cleveland Indians,1.0
113,1.0,2019-06-11,565351,114,2.0,Final,Cleveland Indians,1.0
113,7.0,2019-06-12,565352,114,2.0,Final,Cleveland Indians,1.0
114,13.0,2019-06-14,565544,116,4.0,Final,Cleveland Indians,0.0
114,4.0,2019-06-15,565545,116,2.0,Final,Cleveland Indians,0.0
114,8.0,2019-06-16,565546,116,0.0,Final,Cleveland Indians,0.0
114,2.0,2019-06-17,566799,140,7.0,Final,Cleveland Indians,0.0
114,10.0,2019-06-18,566800,140,3.0,Final,Cleveland Indians,0.0
114,10.0,2019-06-19,566801,140,4.0,Final,Cleveland Indians,0.0
114,2.0,2019-06-20,566802,140,4.0,Final,Cleveland Indians,0.0
116,6.0,2019-06-21,565353,114,7.0,Final,Cleveland Indians,1.0
116,0.0,2019-06-22,565354,114,2.0,Final,Cleveland Indians,1.0
116,3.0,2019-06-23,565355,114,8.0,Final,Cleveland Indians,1.0
118,2.0,2019-06-24,565356,114,3.0,Final,Cleveland Indians,1.0
118,8.0,2019-06-25,565357,114,6.0,Final,Cleveland Indians,1.0
118,3.0,2019-06-26,565358,114,5.0,Final,Cleveland Indians,1.0
114,0.0,2019-06-28,564970,110,13.0,Final,Cleveland Indians,0.0
114,0.0,2019-06-29,564971,110,13.0,Final,Cleveland Indians,0.0
114,2.0,2019-06-30,564972,110,0.0,Final,Cleveland Indians,0.0
114,9.0,2019-07-02,565743,118,5.0,Final,Cleveland Indians,0.0
114,4.0,2019-07-03,565744,118,0.0,Final,Cleveland Indians,0.0
114,8.0,2019-07-04,565745,118,4.0,Final,Cleveland Indians,0.0
114,7.0,2019-07-06,565263,113,2.0,Final,Cleveland Indians,0.0
114,11.0,2019-07-07,565264,113,1.0,Final,Cleveland Indians,0.0
142,5.0,2019-07-12,565359,114,3.0,Final,Cleveland Indians,1.0
142,6.0,2019-07-13,565360,114,2.0,Final,Cleveland Indians,1.0
142,3.0,2019-07-14,565361,114,4.0,Final,Cleveland Indians,1.0
116,6.0,2019-07-15,565362,114,8.0,Final,Cleveland Indians,1.0
116,0.0,2019-07-16,565363,114,8.0,Final,Cleveland Indians,1.0
116,2.0,2019-07-17,565364,114,7.0,Final,Cleveland Indians,1.0
116,3.0,2019-07-18,565365,114,6.0,Final,Cleveland Indians,1.0
118,5.0,2019-07-19,565366,114,10.0,Final,Cleveland Indians,1.0
118,1.0,2019-07-20,565367,114,0.0,Final,Cleveland Indians,1.0
118,4.0,2019-07-21,565368,114,5.0,Final,Cleveland Indians,1.0
114,7.0,2019-07-22,566912,141,3.0,Final,Cleveland Indians,0.0
114,1.0,2019-07-23,566913,141,2.0,Final,Cleveland Indians,0.0
115,6.0,2019-05-23,566200,134,14.0,Final,Colorado Rockies,0.0
110,6.0,2019-05-24,565435,115,8.0,Final,Colorado Rockies,1.0
110,9.0,2019-05-25,565436,115,6.0,Final,Colorado Rockies,1.0
110,7.0,2019-05-26,565437,115,8.0,Final,Colorado Rockies,1.0
109,3.0,2019-05-27,565438,115,4.0,Final,Colorado Rockies,1.0
109,2.0,2019-05-28,565439,115,6.0,Final,Colorado Rockies,1.0
109,4.0,2019-05-29,565440,115,5.0,Final,Colorado Rockies,1.0
109,10.0,2019-05-30,565441,115,11.0,Final,Colorado Rockies,1.0
141,6.0,2019-05-31,565442,115,13.0,Final,Colorado Rockies,1.0
141,2.0,2019-06-01,565443,115,4.0,Final,Colorado Rockies,1.0
141,1.0,2019-06-02,565444,115,5.0,Final,Colorado Rockies,1.0
115,3.0,2019-06-04,565153,112,6.0,Final,Colorado Rockies,0.0
115,8.0,2019-06-05,565154,112,9.0,Final,Colorado Rockies,0.0
115,3.0,2019-06-06,565155,112,1.0,Final,Colorado Rockies,0.0
115,5.0,2019-06-07,566018,121,1.0,Final,Colorado Rockies,0.0
115,3.0,2019-06-08,566019,121,5.0,Final,Colorado Rockies,0.0
115,1.0,2019-06-09,566020,121,6.0,Final,Colorado Rockies,0.0
112,5.0,2019-06-10,565445,115,6.0,Final,Colorado Rockies,1.0
112,3.0,2019-06-11,565446,115,10.0,Final,Colorado Rockies,1.0
112,10.0,2019-06-12,565447,115,1.0,Final,Colorado Rockies,1.0
135,6.0,2019-06-13,565448,115,9.0,Final,Colorado Rockies,1.0
135,16.0,2019-06-14,565449,115,12.0,Final,Colorado Rockies,1.0
135,8.0,2019-06-15,565450,115,14.0,Final,Colorado Rockies,1.0
135,14.0,2019-06-16,565451,115,13.0,Final,Colorado Rockies,1.0
115,8.0,2019-06-18,564863,109,1.0,Final,Colorado Rockies,0.0
115,6.0,2019-06-19,564864,109,4.0,Final,Colorado Rockies,0.0
115,6.0,2019-06-20,564865,109,4.0,Final,Colorado Rockies,0.0
115,2.0,2019-06-21,565839,119,4.0,Final,Colorado Rockies,0.0
115,4.0,2019-06-22,565840,119,5.0,Final,Colorado Rockies,0.0
115,3.0,2019-06-23,565841,119,6.0,Final,Colorado Rockies,0.0
115,2.0,2019-06-24,566507,137,0.0,Final,Colorado Rockies,0.0
115,2.0,2019-06-25,566508,137,4.0,Final,Colorado Rockies,0.0
115,6.0,2019-06-26,566509,137,3.0,Final,Colorado Rockies,0.0
119,12.0,2019-06-27,565452,115,8.0,Final,Colorado Rockies,1.0
119,9.0,2019-06-28,565453,115,13.0,Final,Colorado Rockies,1.0
119,3.0,2019-06-29,565454,115,5.0,Final,Colorado Rockies,1.0
119,10.0,2019-06-30,565455,115,5.0,Final,Colorado Rockies,1.0
117,9.0,2019-07-02,565456,115,8.0,Final,Colorado Rockies,1.0
117,4.0,2019-07-03,565457,115,2.0,Final,Colorado Rockies,1.0
115,0.0,2019-07-05,564872,109,8.0,Final,Colorado Rockies,0.0
115,2.0,2019-07-06,564873,109,4.0,Final,Colorado Rockies,0.0
115,3.0,2019-07-07,564874,109,5.0,Final,Colorado Rockies,0.0
113,2.0,2019-07-12,565458,115,3.0,Final,Colorado Rockies,1.0
113,17.0,2019-07-13,565459,115,9.0,Final,Colorado Rockies,1.0
113,9.0,2019-07-14,565460,115,10.0,Final,Colorado Rockies,1.0
137,19.0,2019-07-15,565430,115,2.0,Final,Colorado Rockies,1.0
137,2.0,2019-07-15,565461,115,1.0,Final,Colorado Rockies,1.0
137,8.0,2019-07-16,565462,115,4.0,Final,Colorado Rockies,1.0
137,11.0,2019-07-17,565463,115,8.0,Final,Colorado Rockies,1.0
115,2.0,2019-07-19,567510,147,8.0,Final,Colorado Rockies,0.0
115,5.0,2019-07-20,567511,147,11.0,Final,Colorado Rockies,0.0
115,8.0,2019-07-21,567512,147,4.0,Final,Colorado Rockies,0.0
115,,2019-07-22,565942,120,,Postponed,Colorado Rockies,
115,1.0,2019-07-23,565943,120,11.0,Final,Colorado Rockies,0.0
146,5.0,2019-05-23,565537,116,2.0,Final,Detroit Tigers,1.0
116,9.0,2019-05-24,566012,121,8.0,Final,Detroit Tigers,0.0
116,4.0,2019-05-25,566013,121,5.0,Final,Detroit Tigers,0.0
116,3.0,2019-05-26,566014,121,4.0,Final,Detroit Tigers,0.0
116,3.0,2019-05-27,564956,110,5.0,Final,Detroit Tigers,0.0
116,3.0,2019-05-28,564957,110,0.0,Final,Detroit Tigers,0.0
116,4.0,2019-05-29,564958,110,2.0,Final,Detroit Tigers,0.0
116,8.0,2019-05-31,567190,144,2.0,Final,Detroit Tigers,0.0
116,5.0,2019-06-01,567191,144,10.0,Final,Detroit Tigers,0.0
116,4.0,2019-06-02,567192,144,7.0,Final,Detroit Tigers,0.0
139,6.0,2019-06-04,565538,116,9.0,Final,Detroit Tigers,1.0
139,4.0,2019-06-05,565539,116,0.0,Final,Detroit Tigers,1.0
139,6.0,2019-06-06,565540,116,1.0,Final,Detroit Tigers,1.0
142,6.0,2019-06-07,565541,116,3.0,Final,Detroit Tigers,1.0
142,3.0,2019-06-08,565542,116,9.0,Final,Detroit Tigers,1.0
142,12.0,2019-06-09,565543,116,2.0,Final,Detroit Tigers,1.0
116,2.0,2019-06-11,565736,118,3.0,Final,Detroit Tigers,0.0
116,3.0,2019-06-12,565737,118,2.0,Final,Detroit Tigers,0.0
116,3.0,2019-06-13,565738,118,7.0,Final,Detroit Tigers,0.0
114,13.0,2019-06-14,565544,116,4.0,Final,Detroit Tigers,1.0
114,4.0,2019-06-15,565545,116,2.0,Final,Detroit Tigers,1.0
114,8.0,2019-06-16,565546,116,0.0,Final,Detroit Tigers,1.0
116,5.0,2019-06-18,566211,134,4.0,Final,Detroit Tigers,0.0
116,7.0,2019-06-19,566212,134,8.0,Final,Detroit Tigers,0.0
116,6.0,2019-06-21,565353,114,7.0,Final,Detroit Tigers,0.0
116,0.0,2019-06-22,565354,114,2.0,Final,Detroit Tigers,0.0
116,3.0,2019-06-23,565355,114,8.0,Final,Detroit Tigers,0.0
140,5.0,2019-06-25,565547,116,3.0,Final,Detroit Tigers,1.0
140,4.0,2019-06-26,565548,116,1.0,Final,Detroit Tigers,1.0
140,3.0,2019-06-27,565549,116,1.0,Final,Detroit Tigers,1.0
120,3.0,2019-06-28,565550,116,1.0,Final,Detroit Tigers,1.0
120,5.0,2019-06-29,565551,116,7.0,Final,Detroit Tigers,1.0
120,2.0,2019-06-30,565552,116,1.0,Final,Detroit Tigers,1.0
116,,2019-07-02,567304,145,,Postponed,Detroit Tigers,
116,5.0,2019-07-03,567273,145,7.0,Final,Detroit Tigers,0.0
116,6.0,2019-07-03,567305,145,9.0,Final,Detroit Tigers,0.0
116,11.0,2019-07-04,567306,145,5.0,Final,Detroit Tigers,0.0
111,9.0,2019-07-05,565553,116,6.0,Final,Detroit Tigers,1.0
111,10.0,2019-07-06,565554,116,6.0,Final,Detroit Tigers,1.0
111,6.0,2019-07-07,565555,116,3.0,Final,Detroit Tigers,1.0
116,5.0,2019-07-12,565746,118,8.0,Final,Detroit Tigers,0.0
116,1.0,2019-07-13,565747,118,4.0,Final,Detroit Tigers,0.0
116,12.0,2019-07-14,565748,118,8.0,Final,Detroit Tigers,0.0
116,6.0,2019-07-15,565362,114,8.0,Final,Detroit Tigers,0.0
116,0.0,2019-07-16,565363,114,8.0,Final,Detroit Tigers,0.0
116,2.0,2019-07-17,565364,114,7.0,Final,Detroit Tigers,0.0
116,3.0,2019-07-18,565365,114,6.0,Final,Detroit Tigers,0.0
141,12.0,2019-07-19,565556,116,1.0,Final,Detroit Tigers,1.0
141,7.0,2019-07-20,565557,116,5.0,Final,Detroit Tigers,1.0
141,3.0,2019-07-21,565558,116,4.0,Final,Detroit Tigers,1.0
143,3.0,2019-07-23,565559,116,2.0,Final,Detroit Tigers,1.0
145,4.0,2019-05-23,565629,117,0.0,Final,Houston Astros,1.0
111,3.0,2019-05-24,565630,117,4.0,Final,Houston Astros,1.0
111,3.0,2019-05-25,565631,117,4.0,Final,Houston Astros,1.0
111,4.0,2019-05-26,565632,117,1.0,Final,Houston Astros,1.0
112,5.0,2019-05-27,565633,117,6.0,Final,Houston Astros,1.0
112,6.0,2019-05-28,565634,117,9.0,Final,Houston Astros,1.0
112,2.0,2019-05-29,565635,117,1.0,Final,Houston Astros,1.0
117,3.0,2019-05-31,566114,133,2.0,Final,Houston Astros,0.0
117,5.0,2019-06-01,566115,133,1.0,Final,Houston Astros,0.0
117,6.0,2019-06-02,566116,133,4.0,Final,Houston Astros,0.0
117,4.0,2019-06-03,566403,136,2.0,Final,Houston Astros,0.0
117,11.0,2019-06-04,566404,136,5.0,Final,Houston Astros,0.0
117,1.0,2019-06-05,566405,136,14.0,Final,Houston Astros,0.0
117,8.0,2019-06-06,566406,136,7.0,Final,Houston Astros,0.0
110,3.0,2019-06-07,565636,117,4.0,Final,Houston Astros,1.0
110,4.0,2019-06-08,565637,117,1.0,Final,Houston Astros,1.0
110,0.0,2019-06-09,565638,117,4.0,Final,Houston Astros,1.0
158,8.0,2019-06-11,565639,117,10.0,Final,Houston Astros,1.0
158,6.0,2019-06-12,565640,117,3.0,Final,Houston Astros,1.0
141,2.0,2019-06-14,565641,117,15.0,Final,Houston Astros,1.0
141,2.0,2019-06-15,565642,117,7.0,Final,Houston Astros,1.0
141,12.0,2019-06-16,565643,117,0.0,Final,Houston Astros,1.0
117,2.0,2019-06-17,565253,113,3.0,Final,Houston Astros,0.0
117,3.0,2019-06-18,565254,113,4.0,Final,Houston Astros,0.0
117,2.0,2019-06-19,565255,113,3.0,Final,Houston Astros,0.0
117,6.0,2019-06-20,567496,147,10.0,Final,Houston Astros,0.0
117,1.0,2019-06-21,567497,147,4.0,Final,Houston Astros,0.0
117,5.0,2019-06-22,567498,147,7.0,Final,Houston Astros,0.0
117,9.0,2019-06-23,567499,147,4.0,Final,Houston Astros,0.0
134,1.0,2019-06-25,565644,117,5.0,Final,Houston Astros,1.0
134,14.0,2019-06-26,565645,117,2.0,Final,Houston Astros,1.0
134,10.0,2019-06-27,565646,117,0.0,Final,Houston Astros,1.0
136,1.0,2019-06-28,565647,117,2.0,Final,Houston Astros,1.0
136,5.0,2019-06-29,565648,117,6.0,Final,Houston Astros,1.0
136,1.0,2019-06-30,565649,117,6.0,Final,Houston Astros,1.0
117,9.0,2019-07-02,565456,115,8.0,Final,Houston Astros,0.0
117,4.0,2019-07-03,565457,115,2.0,Final,Houston Astros,0.0
108,5.0,2019-07-05,565650,117,4.0,Final,Houston Astros,1.0
108,0.0,2019-07-06,565651,117,4.0,Final,Houston Astros,1.0
108,10.0,2019-07-07,565652,117,11.0,Final,Houston Astros,1.0
117,0.0,2019-07-11,566810,140,5.0,Final,Houston Astros,0.0
117,8.0,2019-07-12,566811,140,9.0,Final,Houston Astros,0.0
117,7.0,2019-07-13,566812,140,6.0,Final,Houston Astros,0.0
117,12.0,2019-07-14,566813,140,4.0,Final,Houston Astros,0.0
117,6.0,2019-07-15,564780,108,9.0,Final,Houston Astros,0.0
117,2.0,2019-07-16,564781,108,7.0,Final,Houston Astros,0.0
117,11.0,2019-07-17,564782,108,2.0,Final,Houston Astros,0.0
117,6.0,2019-07-18,564783,108,2.0,Final,Houston Astros,0.0
140,3.0,2019-07-19,565653,117,4.0,Final,Houston Astros,1.0
140,1.0,2019-07-20,565654,117,6.0,Final,Houston Astros,1.0
140,3.0,2019-07-21,565655,117,5.0,Final,Houston Astros,1.0
133,1.0,2019-07-22,565656,117,11.0,Final,Houston Astros,1.0
133,4.0,2019-07-23,565657,117,3.0,Final,Houston Astros,1.0
147,,2019-05-24,565727,118,,Postponed,Kansas City Royals,
147,7.0,2019-05-25,565728,118,3.0,Final,Kansas City Royals,1.0
147,6.0,2019-05-25,565727,118,5.0,Final,Kansas City Royals,1.0
147,7.0,2019-05-26,565729,118,8.0,Final,Kansas City Royals,1.0
118,1.0,2019-05-27,567288,145,2.0,Final,Kansas City Royals,0.0
118,1.0,2019-05-28,567288,145,2.0,Final,Kansas City Royals,0.0
118,3.0,2019-05-28,567289,145,4.0,Final,Kansas City Royals,0.0
118,7.0,2019-05-29,567290,145,8.0,Final,Kansas City Royals,0.0
118,4.0,2019-05-30,566789,140,2.0,Final,Kansas City Royals,0.0
118,2.0,2019-05-31,566790,140,6.0,Final,Kansas City Royals,0.0
118,2.0,2019-06-01,566791,140,6.0,Final,Kansas City Royals,0.0
118,1.0,2019-06-02,566792,140,5.0,Final,Kansas City Royals,0.0
111,8.0,2019-06-04,565730,118,3.0,Final,Kansas City Royals,1.0
111,8.0,2019-06-05,565731,118,0.0,Final,Kansas City Royals,1.0
111,7.0,2019-06-06,565732,118,5.0,Final,Kansas City Royals,1.0
145,4.0,2019-06-07,565733,118,6.0,Final,Kansas City Royals,1.0
145,2.0,2019-06-08,565734,118,0.0,Final,Kansas City Royals,1.0
145,5.0,2019-06-09,565735,118,2.0,Final,Kansas City Royals,1.0
116,2.0,2019-06-11,565736,118,3.0,Final,Kansas City Royals,1.0
116,3.0,2019-06-12,565737,118,2.0,Final,Kansas City Royals,1.0
116,3.0,2019-06-13,565738,118,7.0,Final,Kansas City Royals,1.0
118,0.0,2019-06-14,566993,142,2.0,Final,Kansas City Royals,0.0
118,4.0,2019-06-15,566994,142,5.0,Final,Kansas City Royals,0.0
118,8.0,2019-06-16,566995,142,6.0,Final,Kansas City Royals,0.0
118,6.0,2019-06-17,566407,136,4.0,Final,Kansas City Royals,0.0
118,9.0,2019-06-18,566408,136,0.0,Final,Kansas City Royals,0.0
118,2.0,2019-06-19,566409,136,8.0,Final,Kansas City Royals,0.0
142,1.0,2019-06-20,565739,118,4.0,Final,Kansas City Royals,1.0
142,8.0,2019-06-21,565740,118,7.0,Final,Kansas City Royals,1.0
142,5.0,2019-06-22,565741,118,3.0,Final,Kansas City Royals,1.0
142,1.0,2019-06-23,565742,118,6.0,Final,Kansas City Royals,1.0
118,2.0,2019-06-24,565356,114,3.0,Final,Kansas City Royals,0.0
118,8.0,2019-06-25,565357,114,6.0,Final,Kansas City Royals,0.0
118,3.0,2019-06-26,565358,114,5.0,Final,Kansas City Royals,0.0
118,2.0,2019-06-28,566902,141,6.0,Final,Kansas City Royals,0.0
118,5.0,2019-06-29,566903,141,7.0,Final,Kansas City Royals,0.0
118,7.0,2019-06-30,566904,141,6.0,Final,Kansas City Royals,0.0
118,4.0,2019-07-01,566905,141,11.0,Final,Kansas City Royals,0.0
114,9.0,2019-07-02,565743,118,5.0,Final,Kansas City Royals,1.0
114,4.0,2019-07-03,565744,118,0.0,Final,Kansas City Royals,1.0
114,8.0,2019-07-04,565745,118,4.0,Final,Kansas City Royals,1.0
118,7.0,2019-07-05,565939,120,4.0,Final,Kansas City Royals,0.0
118,0.0,2019-07-06,565940,120,6.0,Final,Kansas City Royals,0.0
118,2.0,2019-07-07,565941,120,5.0,Final,Kansas City Royals,0.0
116,5.0,2019-07-12,565746,118,8.0,Final,Kansas City Royals,1.0
116,1.0,2019-07-13,565747,118,4.0,Final,Kansas City Royals,1.0
116,12.0,2019-07-14,565748,118,8.0,Final,Kansas City Royals,1.0
145,2.0,2019-07-15,565749,118,5.0,Final,Kansas City Royals,1.0
145,0.0,2019-07-16,565750,118,11.0,Final,Kansas City Royals,1.0
145,5.0,2019-07-17,565751,118,7.0,Final,Kansas City Royals,1.0
145,5.0,2019-07-18,565752,118,6.0,Final,Kansas City Royals,1.0
118,5.0,2019-07-19,565366,114,10.0,Final,Kansas City Royals,0.0
118,1.0,2019-07-20,565367,114,0.0,Final,Kansas City Royals,0.0
118,4.0,2019-07-21,565368,114,5.0,Final,Kansas City Royals,0.0
118,5.0,2019-07-23,567218,144,4.0,Final,Kansas City Royals,0.0
119,10.0,2019-05-24,566201,134,2.0,Final,Los Angeles Dodgers,0.0
119,7.0,2019-05-25,566202,134,2.0,Final,Los Angeles Dodgers,0.0
119,11.0,2019-05-26,566203,134,7.0,Final,Los Angeles Dodgers,0.0
121,5.0,2019-05-27,565824,119,9.0,Final,Los Angeles Dodgers,1.0
121,7.0,2019-05-28,565825,119,3.0,Final,Los Angeles Dodgers,1.0
121,8.0,2019-05-29,565826,119,9.0,Final,Los Angeles Dodgers,1.0
121,0.0,2019-05-30,565827,119,2.0,Final,Los Angeles Dodgers,1.0
143,3.0,2019-05-31,565828,119,6.0,Final,Los Angeles Dodgers,1.0
143,3.0,2019-06-01,565829,119,4.0,Final,Los Angeles Dodgers,1.0
143,0.0,2019-06-02,565830,119,8.0,Final,Los Angeles Dodgers,1.0
119,3.0,2019-06-03,564860,109,1.0,Final,Los Angeles Dodgers,0.0
119,9.0,2019-06-04,564861,109,0.0,Final,Los Angeles Dodgers,0.0
119,2.0,2019-06-05,564862,109,3.0,Final,Los Angeles Dodgers,0.0
119,1.0,2019-06-07,566499,137,2.0,Final,Los Angeles Dodgers,0.0
119,7.0,2019-06-08,566500,137,2.0,Final,Los Angeles Dodgers,0.0
119,1.0,2019-06-09,566501,137,0.0,Final,Los Angeles Dodgers,0.0
119,3.0,2019-06-10,564769,108,5.0,Final,Los Angeles Dodgers,0.0
119,3.0,2019-06-11,564770,108,5.0,Final,Los Angeles Dodgers,0.0
112,3.0,2019-06-13,565831,119,7.0,Final,Los Angeles Dodgers,1.0
112,3.0,2019-06-14,565832,119,5.0,Final,Los Angeles Dodgers,1.0
112,2.0,2019-06-15,565833,119,1.0,Final,Los Angeles Dodgers,1.0
112,2.0,2019-06-16,565834,119,3.0,Final,Los Angeles Dodgers,1.0
137,3.0,2019-06-17,565835,119,2.0,Final,Los Angeles Dodgers,1.0
137,0.0,2019-06-18,565836,119,9.0,Final,Los Angeles Dodgers,1.0
137,2.0,2019-06-19,565837,119,9.0,Final,Los Angeles Dodgers,1.0
137,8.0,2019-06-20,565838,119,9.0,Final,Los Angeles Dodgers,1.0
115,2.0,2019-06-21,565839,119,4.0,Final,Los Angeles Dodgers,1.0
115,4.0,2019-06-22,565840,119,5.0,Final,Los Angeles Dodgers,1.0
115,3.0,2019-06-23,565841,119,6.0,Final,Los Angeles Dodgers,1.0
119,5.0,2019-06-24,564869,109,8.0,Final,Los Angeles Dodgers,0.0
119,3.0,2019-06-25,564870,109,2.0,Final,Los Angeles Dodgers,0.0
119,2.0,2019-06-26,564871,109,8.0,Final,Los Angeles Dodgers,0.0
119,12.0,2019-06-27,565452,115,8.0,Final,Los Angeles Dodgers,0.0
119,9.0,2019-06-28,565453,115,13.0,Final,Los Angeles Dodgers,0.0
119,3.0,2019-06-29,565454,115,5.0,Final,Los Angeles Dodgers,0.0
119,10.0,2019-06-30,565455,115,5.0,Final,Los Angeles Dodgers,0.0
109,4.0,2019-07-02,565842,119,5.0,Final,Los Angeles Dodgers,1.0
109,4.0,2019-07-03,565843,119,5.0,Final,Los Angeles Dodgers,1.0
135,1.0,2019-07-04,565844,119,5.0,Final,Los Angeles Dodgers,1.0
135,3.0,2019-07-05,565845,119,2.0,Final,Los Angeles Dodgers,1.0
135,3.0,2019-07-06,565846,119,1.0,Final,Los Angeles Dodgers,1.0
135,5.0,2019-07-07,565847,119,3.0,Final,Los Angeles Dodgers,1.0
119,1.0,2019-07-12,565069,111,8.0,Final,Los Angeles Dodgers,0.0
119,11.0,2019-07-13,565070,111,2.0,Final,Los Angeles Dodgers,0.0
119,7.0,2019-07-14,565071,111,4.0,Final,Los Angeles Dodgers,0.0
119,16.0,2019-07-15,567106,143,2.0,Final,Los Angeles Dodgers,0.0
119,8.0,2019-07-16,567107,143,9.0,Final,Los Angeles Dodgers,0.0
119,7.0,2019-07-17,567108,143,2.0,Final,Los Angeles Dodgers,0.0
119,6.0,2019-07-18,567109,143,7.0,Final,Los Angeles Dodgers,0.0
146,1.0,2019-07-19,565848,119,2.0,Final,Los Angeles Dodgers,1.0
146,6.0,2019-07-20,565849,119,10.0,Final,Los Angeles Dodgers,1.0
146,0.0,2019-07-21,565850,119,9.0,Final,Los Angeles Dodgers,1.0
108,5.0,2019-07-23,565851,119,4.0,Final,Los Angeles Dodgers,1.0
120,4.0,2019-05-23,566011,121,6.0,Final,Washington Nationals,0.0
146,10.0,2019-05-24,565919,120,12.0,Final,Washington Nationals,1.0
146,0.0,2019-05-25,565920,120,5.0,Final,Washington Nationals,1.0
146,6.0,2019-05-26,565921,120,9.0,Final,Washington Nationals,1.0
146,3.0,2019-05-27,565922,120,2.0,Final,Washington Nationals,1.0
120,5.0,2019-05-28,567188,144,4.0,Final,Washington Nationals,0.0
120,14.0,2019-05-29,567189,144,4.0,Final,Washington Nationals,0.0
120,3.0,2019-05-31,565247,113,9.0,Final,Washington Nationals,0.0
120,5.0,2019-06-01,565248,113,2.0,Final,Washington Nationals,0.0
120,4.0,2019-06-02,565249,113,1.0,Final,Washington Nationals,0.0
145,5.0,2019-06-04,565923,120,9.0,Final,Washington Nationals,1.0
145,4.0,2019-06-05,565924,120,6.0,Final,Washington Nationals,1.0
120,4.0,2019-06-06,566309,135,5.0,Final,Washington Nationals,0.0
120,4.0,2019-06-07,566310,135,5.0,Final,Washington Nationals,0.0
120,4.0,2019-06-08,566311,135,1.0,Final,Washington Nationals,0.0
120,5.0,2019-06-09,566312,135,2.0,Final,Washington Nationals,0.0
120,12.0,2019-06-10,567295,145,1.0,Final,Washington Nationals,0.0
120,5.0,2019-06-11,567296,145,7.0,Final,Washington Nationals,0.0
109,5.0,2019-06-13,565925,120,0.0,Final,Washington Nationals,1.0
109,3.0,2019-06-14,565926,120,7.0,Final,Washington Nationals,1.0
109,10.0,2019-06-15,565927,120,3.0,Final,Washington Nationals,1.0
109,5.0,2019-06-16,565928,120,15.0,Final,Washington Nationals,1.0
143,,2019-06-17,565929,120,,Postponed,Washington Nationals,
143,,2019-06-18,565930,120,,Postponed,Washington Nationals,
143,2.0,2019-06-19,565929,120,6.0,Final,Washington Nationals,1.0
143,0.0,2019-06-19,565931,120,2.0,Final,Washington Nationals,1.0
143,4.0,2019-06-20,565932,120,7.0,Final,Washington Nationals,1.0
144,3.0,2019-06-21,565933,120,4.0,Final,Washington Nationals,1.0
144,13.0,2019-06-22,565934,120,9.0,Final,Washington Nationals,1.0
144,4.0,2019-06-23,565935,120,3.0,Final,Washington Nationals,1.0
120,6.0,2019-06-25,567397,146,1.0,Final,Washington Nationals,0.0
120,7.0,2019-06-26,567398,146,5.0,Final,Washington Nationals,0.0
120,8.0,2019-06-27,567399,146,5.0,Final,Washington Nationals,0.0
120,3.0,2019-06-28,565550,116,1.0,Final,Washington Nationals,0.0
120,5.0,2019-06-29,565551,116,7.0,Final,Washington Nationals,0.0
120,2.0,2019-06-30,565552,116,1.0,Final,Washington Nationals,0.0
146,2.0,2019-07-02,565936,120,3.0,Final,Washington Nationals,1.0
146,1.0,2019-07-03,565937,120,3.0,Final,Washington Nationals,1.0
146,2.0,2019-07-04,565938,120,5.0,Final,Washington Nationals,1.0
118,7.0,2019-07-05,565939,120,4.0,Final,Washington Nationals,1.0
118,0.0,2019-07-06,565940,120,6.0,Final,Washington Nationals,1.0
118,2.0,2019-07-07,565941,120,5.0,Final,Washington Nationals,1.0
120,4.0,2019-07-12,567103,143,0.0,Final,Washington Nationals,0.0
120,4.0,2019-07-13,567104,143,3.0,Final,Washington Nationals,0.0
120,3.0,2019-07-14,567105,143,4.0,Final,Washington Nationals,0.0
120,8.0,2019-07-16,564976,110,1.0,Final,Washington Nationals,0.0
120,2.0,2019-07-17,564977,110,9.0,Final,Washington Nationals,0.0
120,13.0,2019-07-18,567214,144,4.0,Final,Washington Nationals,0.0
120,3.0,2019-07-19,567215,144,4.0,Final,Washington Nationals,0.0
120,5.0,2019-07-20,567216,144,3.0,Final,Washington Nationals,0.0
120,1.0,2019-07-21,567217,144,7.0,Final,Washington Nationals,0.0
115,,2019-07-22,565942,120,,Postponed,Washington Nationals,
115,1.0,2019-07-23,565943,120,11.0,Final,Washington Nationals,1.0
120,4.0,2019-05-23,566011,121,6.0,Final,New York Mets,1.0
116,9.0,2019-05-24,566012,121,8.0,Final,New York Mets,1.0
116,4.0,2019-05-25,566013,121,5.0,Final,New York Mets,1.0
116,3.0,2019-05-26,566014,121,4.0,Final,New York Mets,1.0
121,5.0,2019-05-27,565824,119,9.0,Final,New York Mets,0.0
121,7.0,2019-05-28,565825,119,3.0,Final,New York Mets,0.0
121,8.0,2019-05-29,565826,119,9.0,Final,New York Mets,0.0
121,0.0,2019-05-30,565827,119,2.0,Final,New York Mets,0.0
121,5.0,2019-05-31,564857,109,4.0,Final,New York Mets,0.0
121,5.0,2019-06-01,564858,109,6.0,Final,New York Mets,0.0
121,1.0,2019-06-02,564859,109,7.0,Final,New York Mets,0.0
137,9.0,2019-06-04,566015,121,3.0,Final,New York Mets,1.0
137,0.0,2019-06-05,566016,121,7.0,Final,New York Mets,1.0
137,3.0,2019-06-06,566017,121,7.0,Final,New York Mets,1.0
115,5.0,2019-06-07,566018,121,1.0,Final,New York Mets,1.0
115,3.0,2019-06-08,566019,121,5.0,Final,New York Mets,1.0
115,1.0,2019-06-09,566020,121,6.0,Final,New York Mets,1.0
121,,2019-06-10,567491,147,,Postponed,New York Mets,
121,5.0,2019-06-11,567491,147,12.0,Final,New York Mets,0.0
121,10.0,2019-06-11,567492,147,4.0,Final,New York Mets,0.0
138,5.0,2019-06-13,566021,121,4.0,Final,New York Mets,1.0
138,5.0,2019-06-14,566021,121,4.0,Final,New York Mets,1.0
138,9.0,2019-06-14,566022,121,5.0,Final,New York Mets,1.0
138,7.0,2019-06-15,566023,121,8.0,Final,New York Mets,1.0
138,4.0,2019-06-16,566024,121,3.0,Final,New York Mets,1.0
121,3.0,2019-06-17,567205,144,12.0,Final,New York Mets,0.0
121,10.0,2019-06-18,567206,144,2.0,Final,New York Mets,0.0
121,2.0,2019-06-19,567207,144,7.0,Final,New York Mets,0.0
121,4.0,2019-06-20,565161,112,7.0,Final,New York Mets,0.0
121,5.0,2019-06-21,565162,112,4.0,Final,New York Mets,0.0
121,10.0,2019-06-22,565163,112,2.0,Final,New York Mets,0.0
121,3.0,2019-06-23,565164,112,5.0,Final,New York Mets,0.0
121,7.0,2019-06-24,567099,143,13.0,Final,New York Mets,0.0
121,5.0,2019-06-25,567100,143,7.0,Final,New York Mets,0.0
121,4.0,2019-06-26,567101,143,5.0,Final,New York Mets,0.0
121,3.0,2019-06-27,567102,143,6.0,Final,New York Mets,0.0
144,6.0,2019-06-28,566025,121,2.0,Final,New York Mets,1.0
144,5.0,2019-06-29,566026,121,4.0,Final,New York Mets,1.0
144,5.0,2019-06-30,566027,121,8.0,Final,New York Mets,1.0
147,2.0,2019-07-02,566028,121,4.0,Final,New York Mets,1.0
147,5.0,2019-07-03,566029,121,1.0,Final,New York Mets,1.0
143,7.0,2019-07-05,566030,121,2.0,Final,New York Mets,1.0
143,5.0,2019-07-06,566031,121,6.0,Final,New York Mets,1.0
143,8.0,2019-07-07,566032,121,3.0,Final,New York Mets,1.0
121,4.0,2019-07-12,567403,146,8.0,Final,New York Mets,0.0
121,4.0,2019-07-13,567404,146,2.0,Final,New York Mets,0.0
121,6.0,2019-07-14,567405,146,2.0,Final,New York Mets,0.0
121,3.0,2019-07-16,567005,142,2.0,Final,New York Mets,0.0
121,14.0,2019-07-17,567006,142,4.0,Final,New York Mets,0.0
121,2.0,2019-07-18,566517,137,3.0,Final,New York Mets,0.0
121,0.0,2019-07-19,566518,137,1.0,Final,New York Mets,0.0
121,11.0,2019-07-20,566519,137,4.0,Final,New York Mets,0.0
121,2.0,2019-07-21,566520,137,3.0,Final,New York Mets,0.0
135,2.0,2019-07-23,566033,121,5.0,Final,New York Mets,1.0
136,2.0,2019-05-24,566108,133,6.0,Final,Oakland Athletics,1.0
136,5.0,2019-05-25,566109,133,6.0,Final,Oakland Athletics,1.0
136,1.0,2019-05-26,566110,133,7.0,Final,Oakland Athletics,1.0
108,5.0,2019-05-27,566111,133,8.0,Final,Oakland Athletics,1.0
108,6.0,2019-05-28,566112,133,4.0,Final,Oakland Athletics,1.0
108,12.0,2019-05-29,566113,133,7.0,Final,Oakland Athletics,1.0
117,3.0,2019-05-31,566114,133,2.0,Final,Oakland Athletics,1.0
117,5.0,2019-06-01,566115,133,1.0,Final,Oakland Athletics,1.0
117,6.0,2019-06-02,566116,133,4.0,Final,Oakland Athletics,1.0
133,4.0,2019-06-04,564763,108,2.0,Final,Oakland Athletics,0.0
133,9.0,2019-06-05,564764,108,10.0,Final,Oakland Athletics,0.0
133,7.0,2019-06-06,564765,108,4.0,Final,Oakland Athletics,0.0
133,5.0,2019-06-07,566796,140,3.0,Final,Oakland Athletics,0.0
133,5.0,2019-06-08,566770,140,10.0,Final,Oakland Athletics,0.0
133,1.0,2019-06-08,566797,140,3.0,Final,Oakland Athletics,0.0
133,9.0,2019-06-09,566798,140,8.0,Final,Oakland Athletics,0.0
133,2.0,2019-06-10,566695,139,6.0,Final,Oakland Athletics,0.0
133,4.0,2019-06-11,566696,139,3.0,Final,Oakland Athletics,0.0
133,6.0,2019-06-12,566697,139,2.0,Final,Oakland Athletics,0.0
136,9.0,2019-06-14,566117,133,2.0,Final,Oakland Athletics,1.0
136,2.0,2019-06-15,566118,133,11.0,Final,Oakland Athletics,1.0
136,6.0,2019-06-16,566119,133,3.0,Final,Oakland Athletics,1.0
110,2.0,2019-06-17,566120,133,3.0,Final,Oakland Athletics,1.0
110,2.0,2019-06-18,566121,133,16.0,Final,Oakland Athletics,1.0
110,3.0,2019-06-19,566122,133,8.0,Final,Oakland Athletics,1.0
139,4.0,2019-06-20,566123,133,5.0,Final,Oakland Athletics,1.0
139,5.0,2019-06-21,566124,133,3.0,Final,Oakland Athletics,1.0
139,2.0,2019-06-22,566125,133,4.0,Final,Oakland Athletics,1.0
139,8.0,2019-06-23,566126,133,2.0,Final,Oakland Athletics,1.0
133,7.0,2019-06-25,566608,138,3.0,Final,Oakland Athletics,0.0
133,2.0,2019-06-26,566609,138,0.0,Final,Oakland Athletics,0.0
133,3.0,2019-06-27,564773,108,8.0,Final,Oakland Athletics,0.0
133,7.0,2019-06-28,564774,108,2.0,Final,Oakland Athletics,0.0
133,4.0,2019-06-29,564775,108,0.0,Final,Oakland Athletics,0.0
133,12.0,2019-06-30,564776,108,3.0,Final,Oakland Athletics,0.0
142,6.0,2019-07-02,566127,133,8.0,Final,Oakland Athletics,1.0
142,4.0,2019-07-03,566128,133,3.0,Final,Oakland Athletics,1.0
142,2.0,2019-07-04,566129,133,7.0,Final,Oakland Athletics,1.0
133,5.0,2019-07-05,566417,136,2.0,Final,Oakland Athletics,0.0
133,3.0,2019-07-06,566418,136,6.0,Final,Oakland Athletics,0.0
133,7.0,2019-07-07,566419,136,4.0,Final,Oakland Athletics,0.0
145,1.0,2019-07-12,566130,133,5.0,Final,Oakland Athletics,1.0
145,2.0,2019-07-13,566131,133,13.0,Final,Oakland Athletics,1.0
145,2.0,2019-07-14,566132,133,3.0,Final,Oakland Athletics,1.0
136,2.0,2019-07-16,566133,133,9.0,Final,Oakland Athletics,1.0
136,2.0,2019-07-17,566134,133,10.0,Final,Oakland Athletics,1.0
133,3.0,2019-07-18,567007,142,6.0,Final,Oakland Athletics,0.0
133,5.0,2019-07-19,567008,142,3.0,Final,Oakland Athletics,0.0
133,5.0,2019-07-20,567009,142,4.0,Final,Oakland Athletics,0.0
133,6.0,2019-07-21,567010,142,7.0,Final,Oakland Athletics,0.0
133,1.0,2019-07-22,565656,117,11.0,Final,Oakland Athletics,0.0
133,4.0,2019-07-23,565657,117,3.0,Final,Oakland Athletics,0.0
115,6.0,2019-05-23,566200,134,14.0,Final,Pittsburgh Pirates,1.0
119,10.0,2019-05-24,566201,134,2.0,Final,Pittsburgh Pirates,1.0
119,7.0,2019-05-25,566202,134,2.0,Final,Pittsburgh Pirates,1.0
119,11.0,2019-05-26,566203,134,7.0,Final,Pittsburgh Pirates,1.0
134,8.0,2019-05-27,565244,113,5.0,Final,Pittsburgh Pirates,0.0
134,1.0,2019-05-27,565221,113,8.0,Final,Pittsburgh Pirates,0.0
134,6.0,2019-05-28,565245,113,11.0,Final,Pittsburgh Pirates,0.0
134,7.0,2019-05-29,565246,113,2.0,Final,Pittsburgh Pirates,0.0
158,11.0,2019-05-30,566204,134,5.0,Final,Pittsburgh Pirates,1.0
158,4.0,2019-05-31,566205,134,9.0,Final,Pittsburgh Pirates,1.0
158,12.0,2019-06-01,566206,134,10.0,Final,Pittsburgh Pirates,1.0
158,4.0,2019-06-02,566207,134,2.0,Final,Pittsburgh Pirates,1.0
144,12.0,2019-06-04,566208,134,5.0,Final,Pittsburgh Pirates,1.0
144,4.0,2019-06-05,566209,134,7.0,Final,Pittsburgh Pirates,1.0
144,1.0,2019-06-06,566210,134,6.0,Final,Pittsburgh Pirates,1.0
134,4.0,2019-06-07,567584,158,10.0,Final,Pittsburgh Pirates,0.0
134,3.0,2019-06-08,567585,158,5.0,Final,Pittsburgh Pirates,0.0
134,2.0,2019-06-09,567586,158,5.0,Final,Pittsburgh Pirates,0.0
134,7.0,2019-06-10,567193,144,13.0,Final,Pittsburgh Pirates,0.0
134,,2019-06-11,567199,144,,Completed Early: Rain,Pittsburgh Pirates,
134,7.0,2019-06-12,567200,144,8.0,Final,Pittsburgh Pirates,0.0
134,5.0,2019-06-13,567201,144,6.0,Final,Pittsburgh Pirates,0.0
134,11.0,2019-06-14,567394,146,0.0,Final,Pittsburgh Pirates,0.0
134,3.0,2019-06-15,567395,146,4.0,Final,Pittsburgh Pirates,0.0
134,5.0,2019-06-16,567396,146,4.0,Final,Pittsburgh Pirates,0.0
116,5.0,2019-06-18,566211,134,4.0,Final,Pittsburgh Pirates,1.0
116,7.0,2019-06-19,566212,134,8.0,Final,Pittsburgh Pirates,1.0
135,1.0,2019-06-21,566213,134,2.0,Final,Pittsburgh Pirates,1.0
135,3.0,2019-06-22,566214,134,6.0,Final,Pittsburgh Pirates,1.0
135,10.0,2019-06-23,566215,134,11.0,Final,Pittsburgh Pirates,1.0
134,1.0,2019-06-25,565644,117,5.0,Final,Pittsburgh Pirates,0.0
134,14.0,2019-06-26,565645,117,2.0,Final,Pittsburgh Pirates,0.0
134,10.0,2019-06-27,565646,117,0.0,Final,Pittsburgh Pirates,0.0
134,3.0,2019-06-28,567594,158,2.0,Final,Pittsburgh Pirates,0.0
134,1.0,2019-06-29,567595,158,3.0,Final,Pittsburgh Pirates,0.0
134,1.0,2019-06-30,567596,158,2.0,Final,Pittsburgh Pirates,0.0
112,5.0,2019-07-01,566216,134,18.0,Final,Pittsburgh Pirates,1.0
112,1.0,2019-07-02,566217,134,5.0,Final,Pittsburgh Pirates,1.0
112,5.0,2019-07-03,566218,134,6.0,Final,Pittsburgh Pirates,1.0
112,11.0,2019-07-04,566219,134,3.0,Final,Pittsburgh Pirates,1.0
158,7.0,2019-07-05,566220,134,6.0,Final,Pittsburgh Pirates,1.0
158,2.0,2019-07-06,566221,134,12.0,Final,Pittsburgh Pirates,1.0
158,5.0,2019-07-07,566222,134,6.0,Final,Pittsburgh Pirates,1.0
134,3.0,2019-07-12,565169,112,4.0,Final,Pittsburgh Pirates,0.0
134,4.0,2019-07-13,565170,112,10.0,Final,Pittsburgh Pirates,0.0
134,3.0,2019-07-14,565171,112,8.0,Final,Pittsburgh Pirates,0.0
134,0.0,2019-07-15,566613,138,7.0,Final,Pittsburgh Pirates,0.0
134,3.0,2019-07-16,566614,138,1.0,Final,Pittsburgh Pirates,0.0
134,5.0,2019-07-17,566615,138,6.0,Final,Pittsburgh Pirates,0.0
143,6.0,2019-07-19,566223,134,1.0,Final,Pittsburgh Pirates,1.0
143,1.0,2019-07-20,566224,134,5.0,Final,Pittsburgh Pirates,1.0
143,2.0,2019-07-21,566225,134,1.0,Final,Pittsburgh Pirates,1.0
138,6.0,2019-07-22,566226,134,5.0,Final,Pittsburgh Pirates,1.0
138,4.0,2019-07-23,566227,134,3.0,Final,Pittsburgh Pirates,1.0
135,6.0,2019-05-24,566889,141,3.0,Final,San Diego Padres,0.0
135,19.0,2019-05-25,566890,141,4.0,Final,San Diego Padres,0.0
135,1.0,2019-05-26,566891,141,10.0,Final,San Diego Padres,0.0
135,2.0,2019-05-27,567484,147,5.0,Final,San Diego Padres,0.0
135,5.0,2019-05-28,567485,147,4.0,Final,San Diego Padres,0.0
135,0.0,2019-05-29,567486,147,7.0,Final,San Diego Padres,0.0
146,2.0,2019-05-31,566303,135,5.0,Final,San Diego Padres,1.0
146,9.0,2019-06-01,566304,135,3.0,Final,San Diego Padres,1.0
146,9.0,2019-06-02,566305,135,3.0,Final,San Diego Padres,1.0
143,2.0,2019-06-03,566306,135,8.0,Final,San Diego Padres,1.0
143,9.0,2019-06-04,566307,135,6.0,Final,San Diego Padres,1.0
143,7.0,2019-06-05,566308,135,5.0,Final,San Diego Padres,1.0
120,4.0,2019-06-06,566309,135,5.0,Final,San Diego Padres,1.0
120,4.0,2019-06-07,566310,135,5.0,Final,San Diego Padres,1.0
120,4.0,2019-06-08,566311,135,1.0,Final,San Diego Padres,1.0
120,5.0,2019-06-09,566312,135,2.0,Final,San Diego Padres,1.0
135,5.0,2019-06-11,566502,137,6.0,Final,San Diego Padres,0.0
135,2.0,2019-06-12,566503,137,4.0,Final,San Diego Padres,0.0
135,6.0,2019-06-13,565448,115,9.0,Final,San Diego Padres,0.0
135,16.0,2019-06-14,565449,115,12.0,Final,San Diego Padres,0.0
135,8.0,2019-06-15,565450,115,14.0,Final,San Diego Padres,0.0
135,14.0,2019-06-16,565451,115,13.0,Final,San Diego Padres,0.0
158,0.0,2019-06-17,566313,135,2.0,Final,San Diego Padres,1.0
158,1.0,2019-06-18,566314,135,4.0,Final,San Diego Padres,1.0
158,7.0,2019-06-19,566315,135,8.0,Final,San Diego Padres,1.0
135,1.0,2019-06-21,566213,134,2.0,Final,San Diego Padres,0.0
135,3.0,2019-06-22,566214,134,6.0,Final,San Diego Padres,0.0
135,10.0,2019-06-23,566215,134,11.0,Final,San Diego Padres,0.0
135,8.0,2019-06-25,564968,110,3.0,Final,San Diego Padres,0.0
135,10.0,2019-06-26,564969,110,5.0,Final,San Diego Padres,0.0
138,1.0,2019-06-28,566316,135,3.0,Final,San Diego Padres,1.0
138,2.0,2019-06-29,566317,135,12.0,Final,San Diego Padres,1.0
138,5.0,2019-06-30,566318,135,3.0,Final,San Diego Padres,1.0
137,13.0,2019-07-01,566319,135,2.0,Final,San Diego Padres,1.0
137,10.0,2019-07-02,566320,135,4.0,Final,San Diego Padres,1.0
137,7.0,2019-07-03,566321,135,5.0,Final,San Diego Padres,1.0
135,1.0,2019-07-04,565844,119,5.0,Final,San Diego Padres,0.0
135,3.0,2019-07-05,565845,119,2.0,Final,San Diego Padres,0.0
135,3.0,2019-07-06,565846,119,1.0,Final,San Diego Padres,0.0
135,5.0,2019-07-07,565847,119,3.0,Final,San Diego Padres,0.0
144,5.0,2019-07-12,566322,135,3.0,Final,San Diego Padres,1.0
144,7.0,2019-07-13,566323,135,5.0,Final,San Diego Padres,1.0
144,4.0,2019-07-14,566324,135,1.0,Final,San Diego Padres,1.0
135,7.0,2019-07-16,567406,146,12.0,Final,San Diego Padres,0.0
135,3.0,2019-07-17,567407,146,2.0,Final,San Diego Padres,0.0
135,3.0,2019-07-18,567408,146,4.0,Final,San Diego Padres,0.0
135,5.0,2019-07-19,565175,112,6.0,Final,San Diego Padres,0.0
135,5.0,2019-07-20,565176,112,6.0,Final,San Diego Padres,0.0
135,5.0,2019-07-21,565177,112,1.0,Final,San Diego Padres,0.0
135,2.0,2019-07-23,566033,121,5.0,Final,San Diego Padres,0.0
136,2.0,2019-05-24,566108,133,6.0,Final,Seattle Mariners,0.0
136,5.0,2019-05-25,566109,133,6.0,Final,Seattle Mariners,0.0
136,1.0,2019-05-26,566110,133,7.0,Final,Seattle Mariners,0.0
140,2.0,2019-05-27,566396,136,6.0,Final,Seattle Mariners,1.0
140,11.0,2019-05-28,566397,136,4.0,Final,Seattle Mariners,1.0
140,8.0,2019-05-29,566398,136,7.0,Final,Seattle Mariners,1.0
108,9.0,2019-05-30,566399,136,3.0,Final,Seattle Mariners,1.0
108,3.0,2019-05-31,566400,136,4.0,Final,Seattle Mariners,1.0
108,6.0,2019-06-01,566401,136,3.0,Final,Seattle Mariners,1.0
108,13.0,2019-06-02,566402,136,3.0,Final,Seattle Mariners,1.0
117,4.0,2019-06-03,566403,136,2.0,Final,Seattle Mariners,1.0
117,11.0,2019-06-04,566404,136,5.0,Final,Seattle Mariners,1.0
117,1.0,2019-06-05,566405,136,14.0,Final,Seattle Mariners,1.0
117,8.0,2019-06-06,566406,136,7.0,Final,Seattle Mariners,1.0
136,6.0,2019-06-07,564766,108,2.0,Final,Seattle Mariners,0.0
136,3.0,2019-06-08,564767,108,12.0,Final,Seattle Mariners,0.0
136,9.0,2019-06-09,564768,108,3.0,Final,Seattle Mariners,0.0
136,5.0,2019-06-11,566990,142,6.0,Final,Seattle Mariners,0.0
136,9.0,2019-06-12,566991,142,6.0,Final,Seattle Mariners,0.0
136,5.0,2019-06-13,566992,142,10.0,Final,Seattle Mariners,0.0
136,9.0,2019-06-14,566117,133,2.0,Final,Seattle Mariners,0.0
136,2.0,2019-06-15,566118,133,11.0,Final,Seattle Mariners,0.0
136,6.0,2019-06-16,566119,133,3.0,Final,Seattle Mariners,0.0
118,6.0,2019-06-17,566407,136,4.0,Final,Seattle Mariners,1.0
118,9.0,2019-06-18,566408,136,0.0,Final,Seattle Mariners,1.0
118,2.0,2019-06-19,566409,136,8.0,Final,Seattle Mariners,1.0
110,2.0,2019-06-20,566410,136,5.0,Final,Seattle Mariners,1.0
110,9.0,2019-06-21,566411,136,10.0,Final,Seattle Mariners,1.0
110,8.0,2019-06-22,566412,136,4.0,Final,Seattle Mariners,1.0
110,3.0,2019-06-23,566413,136,13.0,Final,Seattle Mariners,1.0
136,8.0,2019-06-25,567591,158,3.0,Final,Seattle Mariners,0.0
136,4.0,2019-06-26,567592,158,2.0,Final,Seattle Mariners,0.0
136,2.0,2019-06-27,567593,158,4.0,Final,Seattle Mariners,0.0
136,1.0,2019-06-28,565647,117,2.0,Final,Seattle Mariners,0.0
136,5.0,2019-06-29,565648,117,6.0,Final,Seattle Mariners,0.0
136,1.0,2019-06-30,565649,117,6.0,Final,Seattle Mariners,0.0
138,4.0,2019-07-02,566414,136,5.0,Final,Seattle Mariners,1.0
138,5.0,2019-07-03,566415,136,2.0,Final,Seattle Mariners,1.0
138,5.0,2019-07-04,566416,136,4.0,Final,Seattle Mariners,1.0
133,5.0,2019-07-05,566417,136,2.0,Final,Seattle Mariners,1.0
133,3.0,2019-07-06,566418,136,6.0,Final,Seattle Mariners,1.0
133,7.0,2019-07-07,566419,136,4.0,Final,Seattle Mariners,1.0
136,0.0,2019-07-12,564777,108,13.0,Final,Seattle Mariners,0.0
136,2.0,2019-07-13,564778,108,9.0,Final,Seattle Mariners,0.0
136,3.0,2019-07-14,564779,108,6.0,Final,Seattle Mariners,0.0
136,2.0,2019-07-16,566133,133,9.0,Final,Seattle Mariners,0.0
136,2.0,2019-07-17,566134,133,10.0,Final,Seattle Mariners,0.0
108,0.0,2019-07-19,566420,136,10.0,Final,Seattle Mariners,1.0
108,6.0,2019-07-20,566421,136,2.0,Final,Seattle Mariners,1.0
108,9.0,2019-07-21,566422,136,3.0,Final,Seattle Mariners,1.0
140,3.0,2019-07-22,566423,136,7.0,Final,Seattle Mariners,1.0
140,7.0,2019-07-23,566424,136,2.0,Final,Seattle Mariners,1.0
144,5.0,2019-05-23,566495,137,4.0,Final,San Francisco Giants,1.0
109,18.0,2019-05-24,566496,137,2.0,Final,San Francisco Giants,1.0
109,10.0,2019-05-25,566497,137,4.0,Final,San Francisco Giants,1.0
109,6.0,2019-05-26,566498,137,2.0,Final,San Francisco Giants,1.0
137,3.0,2019-05-28,567385,146,11.0,Final,San Francisco Giants,0.0
137,2.0,2019-05-29,567386,146,4.0,Final,San Francisco Giants,0.0
137,3.0,2019-05-30,567387,146,1.0,Final,San Francisco Giants,0.0
137,6.0,2019-05-31,564959,110,9.0,Final,San Francisco Giants,0.0
137,8.0,2019-06-01,564960,110,2.0,Final,San Francisco Giants,0.0
137,8.0,2019-06-02,564961,110,1.0,Final,San Francisco Giants,0.0
137,9.0,2019-06-04,566015,121,3.0,Final,San Francisco Giants,0.0
137,0.0,2019-06-05,566016,121,7.0,Final,San Francisco Giants,0.0
137,3.0,2019-06-06,566017,121,7.0,Final,San Francisco Giants,0.0
119,1.0,2019-06-07,566499,137,2.0,Final,San Francisco Giants,1.0
119,7.0,2019-06-08,566500,137,2.0,Final,San Francisco Giants,1.0
119,1.0,2019-06-09,566501,137,0.0,Final,San Francisco Giants,1.0
135,5.0,2019-06-11,566502,137,6.0,Final,San Francisco Giants,1.0
135,2.0,2019-06-12,566503,137,4.0,Final,San Francisco Giants,1.0
158,3.0,2019-06-14,566504,137,5.0,Final,San Francisco Giants,1.0
158,7.0,2019-06-15,566505,137,8.0,Final,San Francisco Giants,1.0
158,5.0,2019-06-16,566506,137,3.0,Final,San Francisco Giants,1.0
137,3.0,2019-06-17,565835,119,2.0,Final,San Francisco Giants,0.0
137,0.0,2019-06-18,565836,119,9.0,Final,San Francisco Giants,0.0
137,2.0,2019-06-19,565837,119,9.0,Final,San Francisco Giants,0.0
137,8.0,2019-06-20,565838,119,9.0,Final,San Francisco Giants,0.0
137,11.0,2019-06-21,564866,109,5.0,Final,San Francisco Giants,0.0
137,7.0,2019-06-22,564867,109,4.0,Final,San Francisco Giants,0.0
137,2.0,2019-06-23,564868,109,3.0,Final,San Francisco Giants,0.0
115,2.0,2019-06-24,566507,137,0.0,Final,San Francisco Giants,1.0
115,2.0,2019-06-25,566508,137,4.0,Final,San Francisco Giants,1.0
115,6.0,2019-06-26,566509,137,3.0,Final,San Francisco Giants,1.0
109,5.0,2019-06-27,566512,137,1.0,Final,San Francisco Giants,1.0
109,3.0,2019-06-28,566510,137,6.0,Final,San Francisco Giants,1.0
109,4.0,2019-06-29,566511,137,3.0,Final,San Francisco Giants,1.0
109,4.0,2019-06-30,566513,137,10.0,Final,San Francisco Giants,1.0
137,13.0,2019-07-01,566319,135,2.0,Final,San Francisco Giants,0.0
137,10.0,2019-07-02,566320,135,4.0,Final,San Francisco Giants,0.0
137,7.0,2019-07-03,566321,135,5.0,Final,San Francisco Giants,0.0
138,9.0,2019-07-05,566514,137,4.0,Final,San Francisco Giants,1.0
138,4.0,2019-07-06,566515,137,8.0,Final,San Francisco Giants,1.0
138,0.0,2019-07-07,566516,137,1.0,Final,San Francisco Giants,1.0
137,10.0,2019-07-12,567597,158,7.0,Final,San Francisco Giants,0.0
137,4.0,2019-07-13,567598,158,5.0,Final,San Francisco Giants,0.0
137,8.0,2019-07-14,567599,158,3.0,Final,San Francisco Giants,0.0
137,19.0,2019-07-15,565430,115,2.0,Final,San Francisco Giants,0.0
137,2.0,2019-07-15,565461,115,1.0,Final,San Francisco Giants,0.0
137,8.0,2019-07-16,565462,115,4.0,Final,San Francisco Giants,0.0
137,11.0,2019-07-17,565463,115,8.0,Final,San Francisco Giants,0.0
121,2.0,2019-07-18,566517,137,3.0,Final,San Francisco Giants,1.0
121,0.0,2019-07-19,566518,137,1.0,Final,San Francisco Giants,1.0
121,11.0,2019-07-20,566519,137,4.0,Final,San Francisco Giants,1.0
121,2.0,2019-07-21,566520,137,3.0,Final,San Francisco Giants,1.0
112,4.0,2019-07-22,566521,137,5.0,Final,San Francisco Giants,1.0
112,4.0,2019-07-23,566522,137,5.0,Final,San Francisco Giants,1.0
144,5.0,2019-05-24,566592,138,2.0,Final,St. Louis Cardinals,1.0
144,3.0,2019-05-25,566593,138,6.0,Final,St. Louis Cardinals,1.0
144,4.0,2019-05-26,566594,138,3.0,Final,St. Louis Cardinals,1.0
138,3.0,2019-05-28,567087,143,4.0,Final,St. Louis Cardinals,0.0
138,4.0,2019-05-29,567088,143,11.0,Final,St. Louis Cardinals,0.0
138,5.0,2019-05-30,567089,143,3.0,Final,St. Louis Cardinals,0.0
112,1.0,2019-05-31,566595,138,2.0,Final,St. Louis Cardinals,1.0
112,4.0,2019-06-01,566596,138,7.0,Final,St. Louis Cardinals,1.0
112,1.0,2019-06-02,566597,138,2.0,Final,St. Louis Cardinals,1.0
113,4.0,2019-06-04,566598,138,1.0,Final,St. Louis Cardinals,1.0
113,,2019-06-05,566599,138,,Postponed,St. Louis Cardinals,
113,1.0,2019-06-06,566600,138,3.0,Final,St. Louis Cardinals,1.0
138,1.0,2019-06-07,565156,112,3.0,Final,St. Louis Cardinals,0.0
138,4.0,2019-06-08,565157,112,9.0,Final,St. Louis Cardinals,0.0
138,1.0,2019-06-09,565158,112,5.0,Final,St. Louis Cardinals,0.0
138,4.0,2019-06-10,567391,146,1.0,Final,St. Louis Cardinals,0.0
138,7.0,2019-06-11,567392,146,1.0,Final,St. Louis Cardinals,0.0
138,0.0,2019-06-12,567393,146,9.0,Final,St. Louis Cardinals,0.0
138,5.0,2019-06-13,566021,121,4.0,Final,St. Louis Cardinals,0.0
138,5.0,2019-06-14,566021,121,4.0,Final,St. Louis Cardinals,0.0
138,9.0,2019-06-14,566022,121,5.0,Final,St. Louis Cardinals,0.0
138,7.0,2019-06-15,566023,121,8.0,Final,St. Louis Cardinals,0.0
138,4.0,2019-06-16,566024,121,3.0,Final,St. Louis Cardinals,0.0
146,0.0,2019-06-17,566601,138,5.0,Final,St. Louis Cardinals,1.0
146,6.0,2019-06-18,566602,138,0.0,Final,St. Louis Cardinals,1.0
146,1.0,2019-06-19,566603,138,2.0,Final,St. Louis Cardinals,1.0
146,7.0,2019-06-20,566604,138,6.0,Final,St. Louis Cardinals,1.0
108,1.0,2019-06-21,566605,138,5.0,Final,St. Louis Cardinals,1.0
108,2.0,2019-06-22,566606,138,4.0,Final,St. Louis Cardinals,1.0
108,6.0,2019-06-23,566607,138,4.0,Final,St. Louis Cardinals,1.0
133,7.0,2019-06-25,566608,138,3.0,Final,St. Louis Cardinals,1.0
133,2.0,2019-06-26,566609,138,0.0,Final,St. Louis Cardinals,1.0
138,1.0,2019-06-28,566316,135,3.0,Final,St. Louis Cardinals,0.0
138,2.0,2019-06-29,566317,135,12.0,Final,St. Louis Cardinals,0.0
138,5.0,2019-06-30,566318,135,3.0,Final,St. Louis Cardinals,0.0
138,4.0,2019-07-02,566414,136,5.0,Final,St. Louis Cardinals,0.0
138,5.0,2019-07-03,566415,136,2.0,Final,St. Louis Cardinals,0.0
138,5.0,2019-07-04,566416,136,4.0,Final,St. Louis Cardinals,0.0
138,9.0,2019-07-05,566514,137,4.0,Final,St. Louis Cardinals,0.0
138,4.0,2019-07-06,566515,137,8.0,Final,St. Louis Cardinals,0.0
138,0.0,2019-07-07,566516,137,1.0,Final,St. Louis Cardinals,0.0
109,4.0,2019-07-12,566610,138,2.0,Final,St. Louis Cardinals,1.0
109,2.0,2019-07-13,566611,138,4.0,Final,St. Louis Cardinals,1.0
109,2.0,2019-07-14,566612,138,5.0,Final,St. Louis Cardinals,1.0
134,0.0,2019-07-15,566613,138,7.0,Final,St. Louis Cardinals,1.0
134,3.0,2019-07-16,566614,138,1.0,Final,St. Louis Cardinals,1.0
134,5.0,2019-07-17,566615,138,6.0,Final,St. Louis Cardinals,1.0
138,7.0,2019-07-18,565265,113,4.0,Final,St. Louis Cardinals,0.0
138,12.0,2019-07-19,565266,113,11.0,Final,St. Louis Cardinals,0.0
138,2.0,2019-07-20,565267,113,3.0,Final,St. Louis Cardinals,0.0
138,3.0,2019-07-21,565268,113,1.0,Final,St. Louis Cardinals,0.0
138,6.0,2019-07-22,566226,134,5.0,Final,St. Louis Cardinals,0.0
138,4.0,2019-07-23,566227,134,3.0,Final,St. Louis Cardinals,0.0
139,7.0,2019-05-23,565341,114,2.0,Final,Tampa Bay Rays,0.0
139,1.0,2019-05-24,565342,114,3.0,Final,Tampa Bay Rays,0.0
139,6.0,2019-05-25,565343,114,2.0,Final,Tampa Bay Rays,0.0
139,6.0,2019-05-26,565344,114,3.0,Final,Tampa Bay Rays,0.0
141,3.0,2019-05-27,566688,139,8.0,Final,Tampa Bay Rays,1.0
141,1.0,2019-05-28,566689,139,3.0,Final,Tampa Bay Rays,1.0
141,3.0,2019-05-29,566690,139,4.0,Final,Tampa Bay Rays,1.0
142,3.0,2019-05-30,566691,139,14.0,Final,Tampa Bay Rays,1.0
142,5.0,2019-05-31,566692,139,3.0,Final,Tampa Bay Rays,1.0
142,6.0,2019-06-01,566693,139,2.0,Final,Tampa Bay Rays,1.0
142,9.0,2019-06-02,566694,139,7.0,Final,Tampa Bay Rays,1.0
139,6.0,2019-06-04,565538,116,9.0,Final,Tampa Bay Rays,0.0
139,4.0,2019-06-05,565539,116,0.0,Final,Tampa Bay Rays,0.0
139,6.0,2019-06-06,565540,116,1.0,Final,Tampa Bay Rays,0.0
139,5.0,2019-06-07,565054,111,1.0,Final,Tampa Bay Rays,0.0
139,9.0,2019-06-08,565055,111,2.0,Final,Tampa Bay Rays,0.0
139,1.0,2019-06-08,565037,111,5.0,Final,Tampa Bay Rays,0.0
139,6.0,2019-06-09,565056,111,1.0,Final,Tampa Bay Rays,0.0
133,2.0,2019-06-10,566695,139,6.0,Final,Tampa Bay Rays,1.0
133,4.0,2019-06-11,566696,139,3.0,Final,Tampa Bay Rays,1.0
133,6.0,2019-06-12,566697,139,2.0,Final,Tampa Bay Rays,1.0
108,5.0,2019-06-13,566698,139,3.0,Final,Tampa Bay Rays,1.0
108,4.0,2019-06-14,566699,139,9.0,Final,Tampa Bay Rays,1.0
108,5.0,2019-06-15,566700,139,3.0,Final,Tampa Bay Rays,1.0
108,5.0,2019-06-16,566701,139,6.0,Final,Tampa Bay Rays,1.0
139,0.0,2019-06-17,567493,147,3.0,Final,Tampa Bay Rays,0.0
139,3.0,2019-06-18,567494,147,6.0,Final,Tampa Bay Rays,0.0
139,1.0,2019-06-19,567495,147,12.0,Final,Tampa Bay Rays,0.0
139,4.0,2019-06-20,566123,133,5.0,Final,Tampa Bay Rays,0.0
139,5.0,2019-06-21,566124,133,3.0,Final,Tampa Bay Rays,0.0
139,2.0,2019-06-22,566125,133,4.0,Final,Tampa Bay Rays,0.0
139,8.0,2019-06-23,566126,133,2.0,Final,Tampa Bay Rays,0.0
139,4.0,2019-06-25,566999,142,9.0,Final,Tampa Bay Rays,0.0
139,4.0,2019-06-26,567000,142,6.0,Final,Tampa Bay Rays,0.0
139,5.0,2019-06-27,567001,142,2.0,Final,Tampa Bay Rays,0.0
140,5.0,2019-06-28,566702,139,0.0,Final,Tampa Bay Rays,1.0
140,2.0,2019-06-29,566703,139,5.0,Final,Tampa Bay Rays,1.0
140,2.0,2019-06-30,566704,139,6.0,Final,Tampa Bay Rays,1.0
110,3.0,2019-07-01,566705,139,6.0,Final,Tampa Bay Rays,1.0
110,3.0,2019-07-02,566706,139,6.0,Final,Tampa Bay Rays,1.0
110,9.0,2019-07-03,566707,139,6.0,Final,Tampa Bay Rays,1.0
147,8.0,2019-07-04,566708,139,4.0,Final,Tampa Bay Rays,1.0
147,8.0,2019-07-05,566709,139,4.0,Final,Tampa Bay Rays,1.0
147,3.0,2019-07-06,566710,139,4.0,Final,Tampa Bay Rays,1.0
147,1.0,2019-07-07,566711,139,2.0,Final,Tampa Bay Rays,1.0
139,16.0,2019-07-12,564973,110,4.0,Final,Tampa Bay Rays,0.0
139,1.0,2019-07-13,564945,110,2.0,Final,Tampa Bay Rays,0.0
139,12.0,2019-07-13,564974,110,4.0,Final,Tampa Bay Rays,0.0
139,4.0,2019-07-14,564975,110,1.0,Final,Tampa Bay Rays,0.0
139,5.0,2019-07-15,567506,147,4.0,Final,Tampa Bay Rays,0.0
139,3.0,2019-07-16,567507,147,8.0,Final,Tampa Bay Rays,0.0
139,,2019-07-17,567508,147,,Postponed,Tampa Bay Rays,
139,2.0,2019-07-18,567509,147,6.0,Final,Tampa Bay Rays,0.0
139,1.0,2019-07-18,567508,147,5.0,Final,Tampa Bay Rays,0.0
145,9.0,2019-07-19,566712,139,2.0,Final,Tampa Bay Rays,1.0
145,2.0,2019-07-20,566713,139,1.0,Final,Tampa Bay Rays,1.0
145,2.0,2019-07-21,566714,139,4.0,Final,Tampa Bay Rays,1.0
111,9.0,2019-07-22,566715,139,4.0,Final,Tampa Bay Rays,1.0
111,5.0,2019-07-23,566716,139,4.0,Final,Tampa Bay Rays,1.0
140,4.0,2019-05-24,564760,108,3.0,Final,Texas Rangers,0.0
140,2.0,2019-05-25,564761,108,3.0,Final,Texas Rangers,0.0
140,6.0,2019-05-26,564762,108,7.0,Final,Texas Rangers,0.0
140,2.0,2019-05-27,566396,136,6.0,Final,Texas Rangers,0.0
140,11.0,2019-05-28,566397,136,4.0,Final,Texas Rangers,0.0
140,8.0,2019-05-29,566398,136,7.0,Final,Texas Rangers,0.0
118,4.0,2019-05-30,566789,140,2.0,Final,Texas Rangers,1.0
118,2.0,2019-05-31,566790,140,6.0,Final,Texas Rangers,1.0
118,2.0,2019-06-01,566791,140,6.0,Final,Texas Rangers,1.0
118,1.0,2019-06-02,566792,140,5.0,Final,Texas Rangers,1.0
110,12.0,2019-06-04,566793,140,11.0,Final,Texas Rangers,1.0
110,1.0,2019-06-05,566794,140,2.0,Final,Texas Rangers,1.0
110,3.0,2019-06-06,566795,140,4.0,Final,Texas Rangers,1.0
133,5.0,2019-06-07,566796,140,3.0,Final,Texas Rangers,1.0
133,5.0,2019-06-08,566770,140,10.0,Final,Texas Rangers,1.0
133,1.0,2019-06-08,566797,140,3.0,Final,Texas Rangers,1.0
133,9.0,2019-06-09,566798,140,8.0,Final,Texas Rangers,1.0
140,4.0,2019-06-10,565057,111,3.0,Final,Texas Rangers,0.0
140,9.0,2019-06-11,565058,111,5.0,Final,Texas Rangers,0.0
140,3.0,2019-06-12,565059,111,4.0,Final,Texas Rangers,0.0
140,6.0,2019-06-13,565060,111,7.0,Final,Texas Rangers,0.0
140,7.0,2019-06-14,565250,113,1.0,Final,Texas Rangers,0.0
140,4.0,2019-06-15,565251,113,3.0,Final,Texas Rangers,0.0
140,3.0,2019-06-16,565252,113,11.0,Final,Texas Rangers,0.0
114,2.0,2019-06-17,566799,140,7.0,Final,Texas Rangers,1.0
114,10.0,2019-06-18,566800,140,3.0,Final,Texas Rangers,1.0
114,10.0,2019-06-19,566801,140,4.0,Final,Texas Rangers,1.0
114,2.0,2019-06-20,566802,140,4.0,Final,Texas Rangers,1.0
145,5.0,2019-06-21,566803,140,4.0,Final,Texas Rangers,1.0
145,5.0,2019-06-22,566804,140,6.0,Final,Texas Rangers,1.0
145,4.0,2019-06-23,566805,140,7.0,Final,Texas Rangers,1.0
140,5.0,2019-06-25,565547,116,3.0,Final,Texas Rangers,0.0
140,4.0,2019-06-26,565548,116,1.0,Final,Texas Rangers,0.0
140,3.0,2019-06-27,565549,116,1.0,Final,Texas Rangers,0.0
140,5.0,2019-06-28,566702,139,0.0,Final,Texas Rangers,0.0
140,2.0,2019-06-29,566703,139,5.0,Final,Texas Rangers,0.0
140,2.0,2019-06-30,566704,139,6.0,Final,Texas Rangers,0.0
108,,2019-07-01,566806,140,,Postponed,Texas Rangers,
108,9.0,2019-07-02,566807,140,4.0,Final,Texas Rangers,1.0
108,6.0,2019-07-03,566808,140,2.0,Final,Texas Rangers,1.0
108,3.0,2019-07-04,566809,140,9.0,Final,Texas Rangers,1.0
140,6.0,2019-07-05,567002,142,15.0,Final,Texas Rangers,0.0
140,4.0,2019-07-06,567003,142,7.0,Final,Texas Rangers,0.0
140,4.0,2019-07-07,567004,142,1.0,Final,Texas Rangers,0.0
117,0.0,2019-07-11,566810,140,5.0,Final,Texas Rangers,1.0
117,8.0,2019-07-12,566811,140,9.0,Final,Texas Rangers,1.0
117,7.0,2019-07-13,566812,140,6.0,Final,Texas Rangers,1.0
117,12.0,2019-07-14,566813,140,4.0,Final,Texas Rangers,1.0
109,9.0,2019-07-16,566814,140,2.0,Final,Texas Rangers,1.0
109,19.0,2019-07-17,566815,140,4.0,Final,Texas Rangers,1.0
140,3.0,2019-07-19,565653,117,4.0,Final,Texas Rangers,0.0
140,1.0,2019-07-20,565654,117,6.0,Final,Texas Rangers,0.0
140,3.0,2019-07-21,565655,117,5.0,Final,Texas Rangers,0.0
140,3.0,2019-07-22,566423,136,7.0,Final,Texas Rangers,0.0
140,7.0,2019-07-23,566424,136,2.0,Final,Texas Rangers,0.0
111,8.0,2019-05-23,566888,141,2.0,Final,Toronto Blue Jays,1.0
135,6.0,2019-05-24,566889,141,3.0,Final,Toronto Blue Jays,1.0
135,19.0,2019-05-25,566890,141,4.0,Final,Toronto Blue Jays,1.0
135,1.0,2019-05-26,566891,141,10.0,Final,Toronto Blue Jays,1.0
141,3.0,2019-05-27,566688,139,8.0,Final,Toronto Blue Jays,0.0
141,1.0,2019-05-28,566689,139,3.0,Final,Toronto Blue Jays,0.0
141,3.0,2019-05-29,566690,139,4.0,Final,Toronto Blue Jays,0.0
141,6.0,2019-05-31,565442,115,13.0,Final,Toronto Blue Jays,0.0
141,2.0,2019-06-01,565443,115,4.0,Final,Toronto Blue Jays,0.0
141,1.0,2019-06-02,565444,115,5.0,Final,Toronto Blue Jays,0.0
147,3.0,2019-06-04,566892,141,4.0,Final,Toronto Blue Jays,1.0
147,7.0,2019-06-05,566893,141,11.0,Final,Toronto Blue Jays,1.0
147,6.0,2019-06-06,566894,141,2.0,Final,Toronto Blue Jays,1.0
109,8.0,2019-06-07,566895,141,2.0,Final,Toronto Blue Jays,1.0
109,6.0,2019-06-08,566896,141,0.0,Final,Toronto Blue Jays,1.0
109,8.0,2019-06-09,566897,141,2.0,Final,Toronto Blue Jays,1.0
141,2.0,2019-06-11,564962,110,4.0,Final,Toronto Blue Jays,0.0
141,8.0,2019-06-12,564963,110,6.0,Final,Toronto Blue Jays,0.0
141,12.0,2019-06-13,564964,110,3.0,Final,Toronto Blue Jays,0.0
141,2.0,2019-06-14,565641,117,15.0,Final,Toronto Blue Jays,0.0
141,2.0,2019-06-15,565642,117,7.0,Final,Toronto Blue Jays,0.0
141,12.0,2019-06-16,565643,117,0.0,Final,Toronto Blue Jays,0.0
108,10.0,2019-06-17,566898,141,5.0,Final,Toronto Blue Jays,1.0
108,3.0,2019-06-18,566899,141,1.0,Final,Toronto Blue Jays,1.0
108,11.0,2019-06-19,566900,141,6.0,Final,Toronto Blue Jays,1.0
108,5.0,2019-06-20,566901,141,7.0,Final,Toronto Blue Jays,1.0
141,5.0,2019-06-21,565061,111,7.0,Final,Toronto Blue Jays,0.0
141,8.0,2019-06-22,565062,111,7.0,Final,Toronto Blue Jays,0.0
141,6.0,2019-06-23,565063,111,1.0,Final,Toronto Blue Jays,0.0
141,8.0,2019-06-24,567500,147,10.0,Final,Toronto Blue Jays,0.0
141,3.0,2019-06-25,567501,147,4.0,Final,Toronto Blue Jays,0.0
141,7.0,2019-06-26,567502,147,8.0,Final,Toronto Blue Jays,0.0
118,2.0,2019-06-28,566902,141,6.0,Final,Toronto Blue Jays,1.0
118,5.0,2019-06-29,566903,141,7.0,Final,Toronto Blue Jays,1.0
118,7.0,2019-06-30,566904,141,6.0,Final,Toronto Blue Jays,1.0
118,4.0,2019-07-01,566905,141,11.0,Final,Toronto Blue Jays,1.0
111,10.0,2019-07-02,566906,141,6.0,Final,Toronto Blue Jays,1.0
111,3.0,2019-07-03,566907,141,6.0,Final,Toronto Blue Jays,1.0
111,8.0,2019-07-04,566908,141,7.0,Final,Toronto Blue Jays,1.0
110,4.0,2019-07-05,566909,141,1.0,Final,Toronto Blue Jays,1.0
110,8.0,2019-07-06,566910,141,1.0,Final,Toronto Blue Jays,1.0
110,1.0,2019-07-07,566911,141,6.0,Final,Toronto Blue Jays,1.0
141,0.0,2019-07-12,567503,147,4.0,Final,Toronto Blue Jays,0.0
141,2.0,2019-07-13,567504,147,1.0,Final,Toronto Blue Jays,0.0
141,2.0,2019-07-14,567505,147,4.0,Final,Toronto Blue Jays,0.0
141,8.0,2019-07-15,565072,111,10.0,Final,Toronto Blue Jays,0.0
141,10.0,2019-07-16,565073,111,4.0,Final,Toronto Blue Jays,0.0
141,4.0,2019-07-17,565074,111,5.0,Final,Toronto Blue Jays,0.0
141,0.0,2019-07-18,565075,111,5.0,Final,Toronto Blue Jays,0.0
141,12.0,2019-07-19,565556,116,1.0,Final,Toronto Blue Jays,0.0
141,7.0,2019-07-20,565557,116,5.0,Final,Toronto Blue Jays,0.0
141,3.0,2019-07-21,565558,116,4.0,Final,Toronto Blue Jays,0.0
114,7.0,2019-07-22,566912,141,3.0,Final,Toronto Blue Jays,1.0
114,1.0,2019-07-23,566913,141,2.0,Final,Toronto Blue Jays,1.0
142,16.0,2019-05-23,564759,108,7.0,Final,Minnesota Twins,0.0
145,4.0,2019-05-24,566985,142,11.0,Final,Minnesota Twins,1.0
145,1.0,2019-05-25,566986,142,8.0,Final,Minnesota Twins,1.0
145,0.0,2019-05-26,566987,142,7.0,Final,Minnesota Twins,1.0
158,5.0,2019-05-27,566988,142,4.0,Final,Minnesota Twins,1.0
158,3.0,2019-05-28,566989,142,5.0,Final,Minnesota Twins,1.0
142,3.0,2019-05-30,566691,139,14.0,Final,Minnesota Twins,0.0
142,5.0,2019-05-31,566692,139,3.0,Final,Minnesota Twins,0.0
142,6.0,2019-06-01,566693,139,2.0,Final,Minnesota Twins,0.0
142,9.0,2019-06-02,566694,139,7.0,Final,Minnesota Twins,0.0
142,2.0,2019-06-04,565345,114,5.0,Final,Minnesota Twins,0.0
142,7.0,2019-06-05,565346,114,9.0,Final,Minnesota Twins,0.0
142,5.0,2019-06-06,565347,114,4.0,Final,Minnesota Twins,0.0
142,6.0,2019-06-07,565541,116,3.0,Final,Minnesota Twins,0.0
142,3.0,2019-06-08,565542,116,9.0,Final,Minnesota Twins,0.0
142,12.0,2019-06-09,565543,116,2.0,Final,Minnesota Twins,0.0
136,5.0,2019-06-11,566990,142,6.0,Final,Minnesota Twins,1.0
136,9.0,2019-06-12,566991,142,6.0,Final,Minnesota Twins,1.0
136,5.0,2019-06-13,566992,142,10.0,Final,Minnesota Twins,1.0
118,0.0,2019-06-14,566993,142,2.0,Final,Minnesota Twins,1.0
118,4.0,2019-06-15,566994,142,5.0,Final,Minnesota Twins,1.0
118,8.0,2019-06-16,566995,142,6.0,Final,Minnesota Twins,1.0
111,2.0,2019-06-17,566996,142,0.0,Final,Minnesota Twins,1.0
111,3.0,2019-06-18,566997,142,4.0,Final,Minnesota Twins,1.0
111,9.0,2019-06-19,566998,142,4.0,Final,Minnesota Twins,1.0
142,1.0,2019-06-20,565739,118,4.0,Final,Minnesota Twins,0.0
142,8.0,2019-06-21,565740,118,7.0,Final,Minnesota Twins,0.0
142,5.0,2019-06-22,565741,118,3.0,Final,Minnesota Twins,0.0
142,1.0,2019-06-23,565742,118,6.0,Final,Minnesota Twins,0.0
139,4.0,2019-06-25,566999,142,9.0,Final,Minnesota Twins,1.0
139,4.0,2019-06-26,567000,142,6.0,Final,Minnesota Twins,1.0
139,5.0,2019-06-27,567001,142,2.0,Final,Minnesota Twins,1.0
142,4.0,2019-06-28,567301,145,6.0,Final,Minnesota Twins,0.0
142,10.0,2019-06-29,567302,145,3.0,Final,Minnesota Twins,0.0
142,3.0,2019-06-30,567303,145,4.0,Final,Minnesota Twins,0.0
142,6.0,2019-07-02,566127,133,8.0,Final,Minnesota Twins,0.0
142,4.0,2019-07-03,566128,133,3.0,Final,Minnesota Twins,0.0
142,2.0,2019-07-04,566129,133,7.0,Final,Minnesota Twins,0.0
140,6.0,2019-07-05,567002,142,15.0,Final,Minnesota Twins,1.0
140,4.0,2019-07-06,567003,142,7.0,Final,Minnesota Twins,1.0
140,4.0,2019-07-07,567004,142,1.0,Final,Minnesota Twins,1.0
142,5.0,2019-07-12,565359,114,3.0,Final,Minnesota Twins,0.0
142,6.0,2019-07-13,565360,114,2.0,Final,Minnesota Twins,0.0
142,3.0,2019-07-14,565361,114,4.0,Final,Minnesota Twins,0.0
121,3.0,2019-07-16,567005,142,2.0,Final,Minnesota Twins,1.0
121,14.0,2019-07-17,567006,142,4.0,Final,Minnesota Twins,1.0
133,3.0,2019-07-18,567007,142,6.0,Final,Minnesota Twins,1.0
133,5.0,2019-07-19,567008,142,3.0,Final,Minnesota Twins,1.0
133,5.0,2019-07-20,567009,142,4.0,Final,Minnesota Twins,1.0
133,6.0,2019-07-21,567010,142,7.0,Final,Minnesota Twins,1.0
147,6.0,2019-07-22,567011,142,8.0,Final,Minnesota Twins,1.0
147,14.0,2019-07-23,567012,142,12.0,Final,Minnesota Twins,1.0
143,9.0,2019-05-23,565149,112,7.0,Final,Philadelphia Phillies,0.0
143,6.0,2019-05-24,567578,158,4.0,Final,Philadelphia Phillies,0.0
143,7.0,2019-05-25,567579,158,2.0,Final,Philadelphia Phillies,0.0
143,1.0,2019-05-26,567580,158,9.0,Final,Philadelphia Phillies,0.0
138,3.0,2019-05-28,567087,143,4.0,Final,Philadelphia Phillies,1.0
138,4.0,2019-05-29,567088,143,11.0,Final,Philadelphia Phillies,1.0
138,5.0,2019-05-30,567089,143,3.0,Final,Philadelphia Phillies,1.0
143,3.0,2019-05-31,565828,119,6.0,Final,Philadelphia Phillies,0.0
143,3.0,2019-06-01,565829,119,4.0,Final,Philadelphia Phillies,0.0
143,0.0,2019-06-02,565830,119,8.0,Final,Philadelphia Phillies,0.0
143,2.0,2019-06-03,566306,135,8.0,Final,Philadelphia Phillies,0.0
143,9.0,2019-06-04,566307,135,6.0,Final,Philadelphia Phillies,0.0
143,7.0,2019-06-05,566308,135,5.0,Final,Philadelphia Phillies,0.0
113,2.0,2019-06-07,567090,143,4.0,Final,Philadelphia Phillies,1.0
113,1.0,2019-06-08,567091,143,4.0,Final,Philadelphia Phillies,1.0
113,4.0,2019-06-09,567092,143,3.0,Final,Philadelphia Phillies,1.0
109,13.0,2019-06-10,567093,143,8.0,Final,Philadelphia Phillies,1.0
109,4.0,2019-06-11,567094,143,7.0,Final,Philadelphia Phillies,1.0
109,2.0,2019-06-12,567095,143,0.0,Final,Philadelphia Phillies,1.0
143,8.0,2019-06-14,567202,144,9.0,Final,Philadelphia Phillies,0.0
143,6.0,2019-06-15,567203,144,5.0,Final,Philadelphia Phillies,0.0
143,1.0,2019-06-16,567204,144,15.0,Final,Philadelphia Phillies,0.0
143,,2019-06-17,565929,120,,Postponed,Philadelphia Phillies,
143,,2019-06-18,565930,120,,Postponed,Philadelphia Phillies,
143,2.0,2019-06-19,565929,120,6.0,Final,Philadelphia Phillies,0.0
143,0.0,2019-06-19,565931,120,2.0,Final,Philadelphia Phillies,0.0
143,4.0,2019-06-20,565932,120,7.0,Final,Philadelphia Phillies,0.0
146,2.0,2019-06-21,567096,143,1.0,Final,Philadelphia Phillies,1.0
146,5.0,2019-06-22,567097,143,3.0,Final,Philadelphia Phillies,1.0
146,6.0,2019-06-23,567098,143,4.0,Final,Philadelphia Phillies,1.0
121,7.0,2019-06-24,567099,143,13.0,Final,Philadelphia Phillies,1.0
121,5.0,2019-06-25,567100,143,7.0,Final,Philadelphia Phillies,1.0
121,4.0,2019-06-26,567101,143,5.0,Final,Philadelphia Phillies,1.0
121,3.0,2019-06-27,567102,143,6.0,Final,Philadelphia Phillies,1.0
143,2.0,2019-06-28,567400,146,6.0,Final,Philadelphia Phillies,0.0
143,6.0,2019-06-29,567401,146,9.0,Final,Philadelphia Phillies,0.0
143,13.0,2019-06-30,567402,146,6.0,Final,Philadelphia Phillies,0.0
143,2.0,2019-07-02,567208,144,0.0,Final,Philadelphia Phillies,0.0
143,2.0,2019-07-03,567209,144,9.0,Final,Philadelphia Phillies,0.0
143,6.0,2019-07-04,567210,144,12.0,Final,Philadelphia Phillies,0.0
143,7.0,2019-07-05,566030,121,2.0,Final,Philadelphia Phillies,0.0
143,5.0,2019-07-06,566031,121,6.0,Final,Philadelphia Phillies,0.0
143,8.0,2019-07-07,566032,121,3.0,Final,Philadelphia Phillies,0.0
120,4.0,2019-07-12,567103,143,0.0,Final,Philadelphia Phillies,1.0
120,4.0,2019-07-13,567104,143,3.0,Final,Philadelphia Phillies,1.0
120,3.0,2019-07-14,567105,143,4.0,Final,Philadelphia Phillies,1.0
119,16.0,2019-07-15,567106,143,2.0,Final,Philadelphia Phillies,1.0
119,8.0,2019-07-16,567107,143,9.0,Final,Philadelphia Phillies,1.0
119,7.0,2019-07-17,567108,143,2.0,Final,Philadelphia Phillies,1.0
119,6.0,2019-07-18,567109,143,7.0,Final,Philadelphia Phillies,1.0
143,6.0,2019-07-19,566223,134,1.0,Final,Philadelphia Phillies,0.0
143,1.0,2019-07-20,566224,134,5.0,Final,Philadelphia Phillies,0.0
143,2.0,2019-07-21,566225,134,1.0,Final,Philadelphia Phillies,0.0
143,3.0,2019-07-23,565559,116,2.0,Final,Philadelphia Phillies,0.0
144,5.0,2019-05-23,566495,137,4.0,Final,Atlanta Braves,0.0
144,5.0,2019-05-24,566592,138,2.0,Final,Atlanta Braves,0.0
144,3.0,2019-05-25,566593,138,6.0,Final,Atlanta Braves,0.0
144,4.0,2019-05-26,566594,138,3.0,Final,Atlanta Braves,0.0
120,5.0,2019-05-28,567188,144,4.0,Final,Atlanta Braves,1.0
120,14.0,2019-05-29,567189,144,4.0,Final,Atlanta Braves,1.0
116,8.0,2019-05-31,567190,144,2.0,Final,Atlanta Braves,1.0
116,5.0,2019-06-01,567191,144,10.0,Final,Atlanta Braves,1.0
116,4.0,2019-06-02,567192,144,7.0,Final,Atlanta Braves,1.0
144,12.0,2019-06-04,566208,134,5.0,Final,Atlanta Braves,0.0
144,4.0,2019-06-05,566209,134,7.0,Final,Atlanta Braves,0.0
144,1.0,2019-06-06,566210,134,6.0,Final,Atlanta Braves,0.0
144,7.0,2019-06-07,567388,146,1.0,Final,Atlanta Braves,0.0
144,1.0,2019-06-08,567389,146,0.0,Final,Atlanta Braves,0.0
144,7.0,2019-06-09,567390,146,6.0,Final,Atlanta Braves,0.0
134,7.0,2019-06-10,567193,144,13.0,Final,Atlanta Braves,1.0
134,,2019-06-11,567199,144,,Completed Early: Rain,Atlanta Braves,
134,7.0,2019-06-12,567200,144,8.0,Final,Atlanta Braves,1.0
134,5.0,2019-06-13,567201,144,6.0,Final,Atlanta Braves,1.0
143,8.0,2019-06-14,567202,144,9.0,Final,Atlanta Braves,1.0
143,6.0,2019-06-15,567203,144,5.0,Final,Atlanta Braves,1.0
143,1.0,2019-06-16,567204,144,15.0,Final,Atlanta Braves,1.0
121,3.0,2019-06-17,567205,144,12.0,Final,Atlanta Braves,1.0
121,10.0,2019-06-18,567206,144,2.0,Final,Atlanta Braves,1.0
121,2.0,2019-06-19,567207,144,7.0,Final,Atlanta Braves,1.0
144,3.0,2019-06-21,565933,120,4.0,Final,Atlanta Braves,0.0
144,13.0,2019-06-22,565934,120,9.0,Final,Atlanta Braves,0.0
144,4.0,2019-06-23,565935,120,3.0,Final,Atlanta Braves,0.0
144,3.0,2019-06-24,565165,112,8.0,Final,Atlanta Braves,0.0
144,3.0,2019-06-25,565166,112,2.0,Final,Atlanta Braves,0.0
144,5.0,2019-06-26,565167,112,3.0,Final,Atlanta Braves,0.0
144,7.0,2019-06-27,565168,112,9.0,Final,Atlanta Braves,0.0
144,6.0,2019-06-28,566025,121,2.0,Final,Atlanta Braves,0.0
144,5.0,2019-06-29,566026,121,4.0,Final,Atlanta Braves,0.0
144,5.0,2019-06-30,566027,121,8.0,Final,Atlanta Braves,0.0
143,2.0,2019-07-02,567208,144,0.0,Final,Atlanta Braves,1.0
143,2.0,2019-07-03,567209,144,9.0,Final,Atlanta Braves,1.0
143,6.0,2019-07-04,567210,144,12.0,Final,Atlanta Braves,1.0
146,0.0,2019-07-05,567211,144,1.0,Final,Atlanta Braves,1.0
146,5.0,2019-07-06,567212,144,4.0,Final,Atlanta Braves,1.0
146,3.0,2019-07-07,567213,144,4.0,Final,Atlanta Braves,1.0
144,5.0,2019-07-12,566322,135,3.0,Final,Atlanta Braves,0.0
144,7.0,2019-07-13,566323,135,5.0,Final,Atlanta Braves,0.0
144,4.0,2019-07-14,566324,135,1.0,Final,Atlanta Braves,0.0
144,4.0,2019-07-15,567600,158,2.0,Final,Atlanta Braves,0.0
144,1.0,2019-07-16,567601,158,13.0,Final,Atlanta Braves,0.0
144,4.0,2019-07-17,567602,158,5.0,Final,Atlanta Braves,0.0
120,13.0,2019-07-18,567214,144,4.0,Final,Atlanta Braves,1.0
120,3.0,2019-07-19,567215,144,4.0,Final,Atlanta Braves,1.0
120,5.0,2019-07-20,567216,144,3.0,Final,Atlanta Braves,1.0
120,1.0,2019-07-21,567217,144,7.0,Final,Atlanta Braves,1.0
118,5.0,2019-07-23,567218,144,4.0,Final,Atlanta Braves,1.0
145,4.0,2019-05-23,565629,117,0.0,Final,Chicago White Sox,0.0
145,4.0,2019-05-24,566985,142,11.0,Final,Chicago White Sox,0.0
145,1.0,2019-05-25,566986,142,8.0,Final,Chicago White Sox,0.0
145,0.0,2019-05-26,566987,142,7.0,Final,Chicago White Sox,0.0
118,1.0,2019-05-27,567288,145,2.0,Final,Chicago White Sox,1.0
118,1.0,2019-05-28,567288,145,2.0,Final,Chicago White Sox,1.0
118,3.0,2019-05-28,567289,145,4.0,Final,Chicago White Sox,1.0
118,7.0,2019-05-29,567290,145,8.0,Final,Chicago White Sox,1.0
114,4.0,2019-05-30,567291,145,10.0,Final,Chicago White Sox,1.0
114,1.0,2019-05-31,567292,145,6.0,Final,Chicago White Sox,1.0
114,5.0,2019-06-01,567293,145,2.0,Final,Chicago White Sox,1.0
114,0.0,2019-06-02,567294,145,2.0,Final,Chicago White Sox,1.0
145,5.0,2019-06-04,565923,120,9.0,Final,Chicago White Sox,0.0
145,4.0,2019-06-05,565924,120,6.0,Final,Chicago White Sox,0.0
145,4.0,2019-06-07,565733,118,6.0,Final,Chicago White Sox,0.0
145,2.0,2019-06-08,565734,118,0.0,Final,Chicago White Sox,0.0
145,5.0,2019-06-09,565735,118,2.0,Final,Chicago White Sox,0.0
120,12.0,2019-06-10,567295,145,1.0,Final,Chicago White Sox,1.0
120,5.0,2019-06-11,567296,145,7.0,Final,Chicago White Sox,1.0
147,4.0,2019-06-13,567297,145,5.0,Final,Chicago White Sox,1.0
147,2.0,2019-06-14,567298,145,10.0,Final,Chicago White Sox,1.0
147,8.0,2019-06-15,567299,145,4.0,Final,Chicago White Sox,1.0
147,10.0,2019-06-16,567300,145,3.0,Final,Chicago White Sox,1.0
145,3.0,2019-06-18,565159,112,1.0,Final,Chicago White Sox,0.0
145,3.0,2019-06-19,565160,112,7.0,Final,Chicago White Sox,0.0
145,5.0,2019-06-21,566803,140,4.0,Final,Chicago White Sox,0.0
145,5.0,2019-06-22,566804,140,6.0,Final,Chicago White Sox,0.0
145,4.0,2019-06-23,566805,140,7.0,Final,Chicago White Sox,0.0
145,5.0,2019-06-24,565064,111,6.0,Final,Chicago White Sox,0.0
145,3.0,2019-06-25,565065,111,6.0,Final,Chicago White Sox,0.0
145,8.0,2019-06-26,565066,111,7.0,Final,Chicago White Sox,0.0
142,4.0,2019-06-28,567301,145,6.0,Final,Chicago White Sox,1.0
142,10.0,2019-06-29,567302,145,3.0,Final,Chicago White Sox,1.0
142,3.0,2019-06-30,567303,145,4.0,Final,Chicago White Sox,1.0
116,,2019-07-02,567304,145,,Postponed,Chicago White Sox,
116,5.0,2019-07-03,567273,145,7.0,Final,Chicago White Sox,1.0
116,6.0,2019-07-03,567305,145,9.0,Final,Chicago White Sox,1.0
116,11.0,2019-07-04,567306,145,5.0,Final,Chicago White Sox,1.0
112,6.0,2019-07-06,567307,145,3.0,Final,Chicago White Sox,1.0
112,1.0,2019-07-07,567308,145,3.0,Final,Chicago White Sox,1.0
145,1.0,2019-07-12,566130,133,5.0,Final,Chicago White Sox,0.0
145,2.0,2019-07-13,566131,133,13.0,Final,Chicago White Sox,0.0
145,2.0,2019-07-14,566132,133,3.0,Final,Chicago White Sox,0.0
145,2.0,2019-07-15,565749,118,5.0,Final,Chicago White Sox,0.0
145,0.0,2019-07-16,565750,118,11.0,Final,Chicago White Sox,0.0
145,5.0,2019-07-17,565751,118,7.0,Final,Chicago White Sox,0.0
145,5.0,2019-07-18,565752,118,6.0,Final,Chicago White Sox,0.0
145,9.0,2019-07-19,566712,139,2.0,Final,Chicago White Sox,0.0
145,2.0,2019-07-20,566713,139,1.0,Final,Chicago White Sox,0.0
145,2.0,2019-07-21,566714,139,4.0,Final,Chicago White Sox,0.0
146,1.0,2019-07-22,567309,145,9.0,Final,Chicago White Sox,1.0
146,5.0,2019-07-23,567310,145,1.0,Final,Chicago White Sox,1.0
146,5.0,2019-05-23,565537,116,2.0,Final,Miami Marlins,0.0
146,10.0,2019-05-24,565919,120,12.0,Final,Miami Marlins,0.0
146,0.0,2019-05-25,565920,120,5.0,Final,Miami Marlins,0.0
146,6.0,2019-05-26,565921,120,9.0,Final,Miami Marlins,0.0
146,3.0,2019-05-27,565922,120,2.0,Final,Miami Marlins,0.0
137,3.0,2019-05-28,567385,146,11.0,Final,Miami Marlins,1.0
137,2.0,2019-05-29,567386,146,4.0,Final,Miami Marlins,1.0
137,3.0,2019-05-30,567387,146,1.0,Final,Miami Marlins,1.0
146,2.0,2019-05-31,566303,135,5.0,Final,Miami Marlins,0.0
146,9.0,2019-06-01,566304,135,3.0,Final,Miami Marlins,0.0
146,9.0,2019-06-02,566305,135,3.0,Final,Miami Marlins,0.0
146,16.0,2019-06-04,567581,158,0.0,Final,Miami Marlins,0.0
146,8.0,2019-06-05,567582,158,3.0,Final,Miami Marlins,0.0
146,1.0,2019-06-06,567583,158,5.0,Final,Miami Marlins,0.0
144,7.0,2019-06-07,567388,146,1.0,Final,Miami Marlins,1.0
144,1.0,2019-06-08,567389,146,0.0,Final,Miami Marlins,1.0
144,7.0,2019-06-09,567390,146,6.0,Final,Miami Marlins,1.0
138,4.0,2019-06-10,567391,146,1.0,Final,Miami Marlins,1.0
138,7.0,2019-06-11,567392,146,1.0,Final,Miami Marlins,1.0
138,0.0,2019-06-12,567393,146,9.0,Final,Miami Marlins,1.0
134,11.0,2019-06-14,567394,146,0.0,Final,Miami Marlins,1.0
134,3.0,2019-06-15,567395,146,4.0,Final,Miami Marlins,1.0
134,5.0,2019-06-16,567396,146,4.0,Final,Miami Marlins,1.0
146,0.0,2019-06-17,566601,138,5.0,Final,Miami Marlins,0.0
146,6.0,2019-06-18,566602,138,0.0,Final,Miami Marlins,0.0
146,1.0,2019-06-19,566603,138,2.0,Final,Miami Marlins,0.0
146,7.0,2019-06-20,566604,138,6.0,Final,Miami Marlins,0.0
146,2.0,2019-06-21,567096,143,1.0,Final,Miami Marlins,0.0
146,5.0,2019-06-22,567097,143,3.0,Final,Miami Marlins,0.0
146,6.0,2019-06-23,567098,143,4.0,Final,Miami Marlins,0.0
120,6.0,2019-06-25,567397,146,1.0,Final,Miami Marlins,1.0
120,7.0,2019-06-26,567398,146,5.0,Final,Miami Marlins,1.0
120,8.0,2019-06-27,567399,146,5.0,Final,Miami Marlins,1.0
143,2.0,2019-06-28,567400,146,6.0,Final,Miami Marlins,1.0
143,6.0,2019-06-29,567401,146,9.0,Final,Miami Marlins,1.0
143,13.0,2019-06-30,567402,146,6.0,Final,Miami Marlins,1.0
146,2.0,2019-07-02,565936,120,3.0,Final,Miami Marlins,0.0
146,1.0,2019-07-03,565937,120,3.0,Final,Miami Marlins,0.0
146,2.0,2019-07-04,565938,120,5.0,Final,Miami Marlins,0.0
146,0.0,2019-07-05,567211,144,1.0,Final,Miami Marlins,0.0
146,5.0,2019-07-06,567212,144,4.0,Final,Miami Marlins,0.0
146,3.0,2019-07-07,567213,144,4.0,Final,Miami Marlins,0.0
121,4.0,2019-07-12,567403,146,8.0,Final,Miami Marlins,1.0
121,4.0,2019-07-13,567404,146,2.0,Final,Miami Marlins,1.0
121,6.0,2019-07-14,567405,146,2.0,Final,Miami Marlins,1.0
135,7.0,2019-07-16,567406,146,12.0,Final,Miami Marlins,1.0
135,3.0,2019-07-17,567407,146,2.0,Final,Miami Marlins,1.0
135,3.0,2019-07-18,567408,146,4.0,Final,Miami Marlins,1.0
146,1.0,2019-07-19,565848,119,2.0,Final,Miami Marlins,0.0
146,6.0,2019-07-20,565849,119,10.0,Final,Miami Marlins,0.0
146,0.0,2019-07-21,565850,119,9.0,Final,Miami Marlins,0.0
146,1.0,2019-07-22,567309,145,9.0,Final,Miami Marlins,0.0
146,5.0,2019-07-23,567310,145,1.0,Final,Miami Marlins,0.0
147,6.0,2019-05-23,564955,110,5.0,Final,New York Yankees,0.0
147,,2019-05-24,565727,118,,Postponed,New York Yankees,
147,7.0,2019-05-25,565728,118,3.0,Final,New York Yankees,0.0
147,6.0,2019-05-25,565727,118,5.0,Final,New York Yankees,0.0
147,7.0,2019-05-26,565729,118,8.0,Final,New York Yankees,0.0
135,2.0,2019-05-27,567484,147,5.0,Final,New York Yankees,1.0
135,5.0,2019-05-28,567485,147,4.0,Final,New York Yankees,1.0
135,0.0,2019-05-29,567486,147,7.0,Final,New York Yankees,1.0
111,,2019-05-30,567487,147,,Postponed,New York Yankees,
111,1.0,2019-05-31,567488,147,4.0,Final,New York Yankees,1.0
111,3.0,2019-06-01,567489,147,5.0,Final,New York Yankees,1.0
111,8.0,2019-06-02,567490,147,5.0,Final,New York Yankees,1.0
147,3.0,2019-06-04,566892,141,4.0,Final,New York Yankees,0.0
147,7.0,2019-06-05,566893,141,11.0,Final,New York Yankees,0.0
147,6.0,2019-06-06,566894,141,2.0,Final,New York Yankees,0.0
147,2.0,2019-06-07,565348,114,5.0,Final,New York Yankees,0.0
147,4.0,2019-06-08,565349,114,8.0,Final,New York Yankees,0.0
147,7.0,2019-06-09,565350,114,6.0,Final,New York Yankees,0.0
121,,2019-06-10,567491,147,,Postponed,New York Yankees,
121,5.0,2019-06-11,567491,147,12.0,Final,New York Yankees,1.0
121,10.0,2019-06-11,567492,147,4.0,Final,New York Yankees,1.0
147,4.0,2019-06-13,567297,145,5.0,Final,New York Yankees,0.0
147,2.0,2019-06-14,567298,145,10.0,Final,New York Yankees,0.0
147,8.0,2019-06-15,567299,145,4.0,Final,New York Yankees,0.0
147,10.0,2019-06-16,567300,145,3.0,Final,New York Yankees,0.0
139,0.0,2019-06-17,567493,147,3.0,Final,New York Yankees,1.0
139,3.0,2019-06-18,567494,147,6.0,Final,New York Yankees,1.0
139,1.0,2019-06-19,567495,147,12.0,Final,New York Yankees,1.0
117,6.0,2019-06-20,567496,147,10.0,Final,New York Yankees,1.0
117,1.0,2019-06-21,567497,147,4.0,Final,New York Yankees,1.0
117,5.0,2019-06-22,567498,147,7.0,Final,New York Yankees,1.0
117,9.0,2019-06-23,567499,147,4.0,Final,New York Yankees,1.0
141,8.0,2019-06-24,567500,147,10.0,Final,New York Yankees,1.0
141,3.0,2019-06-25,567501,147,4.0,Final,New York Yankees,1.0
141,7.0,2019-06-26,567502,147,8.0,Final,New York Yankees,1.0
147,17.0,2019-06-29,565067,111,13.0,Final,New York Yankees,0.0
147,12.0,2019-06-30,565068,111,8.0,Final,New York Yankees,0.0
147,2.0,2019-07-02,566028,121,4.0,Final,New York Yankees,0.0
147,5.0,2019-07-03,566029,121,1.0,Final,New York Yankees,0.0
147,8.0,2019-07-04,566708,139,4.0,Final,New York Yankees,0.0
147,8.0,2019-07-05,566709,139,4.0,Final,New York Yankees,0.0
147,3.0,2019-07-06,566710,139,4.0,Final,New York Yankees,0.0
147,1.0,2019-07-07,566711,139,2.0,Final,New York Yankees,0.0
141,0.0,2019-07-12,567503,147,4.0,Final,New York Yankees,1.0
141,2.0,2019-07-13,567504,147,1.0,Final,New York Yankees,1.0
141,2.0,2019-07-14,567505,147,4.0,Final,New York Yankees,1.0
139,5.0,2019-07-15,567506,147,4.0,Final,New York Yankees,1.0
139,3.0,2019-07-16,567507,147,8.0,Final,New York Yankees,1.0
139,,2019-07-17,567508,147,,Postponed,New York Yankees,
139,2.0,2019-07-18,567509,147,6.0,Final,New York Yankees,1.0
139,1.0,2019-07-18,567508,147,5.0,Final,New York Yankees,1.0
115,2.0,2019-07-19,567510,147,8.0,Final,New York Yankees,1.0
115,5.0,2019-07-20,567511,147,11.0,Final,New York Yankees,1.0
115,8.0,2019-07-21,567512,147,4.0,Final,New York Yankees,1.0
147,6.0,2019-07-22,567011,142,8.0,Final,New York Yankees,0.0
147,14.0,2019-07-23,567012,142,12.0,Final,New York Yankees,0.0
143,6.0,2019-05-24,567578,158,4.0,Final,Milwaukee Brewers,1.0
143,7.0,2019-05-25,567579,158,2.0,Final,Milwaukee Brewers,1.0
143,1.0,2019-05-26,567580,158,9.0,Final,Milwaukee Brewers,1.0
158,5.0,2019-05-27,566988,142,4.0,Final,Milwaukee Brewers,0.0
158,3.0,2019-05-28,566989,142,5.0,Final,Milwaukee Brewers,0.0
158,11.0,2019-05-30,566204,134,5.0,Final,Milwaukee Brewers,0.0
158,4.0,2019-05-31,566205,134,9.0,Final,Milwaukee Brewers,0.0
158,12.0,2019-06-01,566206,134,10.0,Final,Milwaukee Brewers,0.0
158,4.0,2019-06-02,566207,134,2.0,Final,Milwaukee Brewers,0.0
146,16.0,2019-06-04,567581,158,0.0,Final,Milwaukee Brewers,1.0
146,8.0,2019-06-05,567582,158,3.0,Final,Milwaukee Brewers,1.0
146,1.0,2019-06-06,567583,158,5.0,Final,Milwaukee Brewers,1.0
134,4.0,2019-06-07,567584,158,10.0,Final,Milwaukee Brewers,1.0
134,3.0,2019-06-08,567585,158,5.0,Final,Milwaukee Brewers,1.0
134,2.0,2019-06-09,567586,158,5.0,Final,Milwaukee Brewers,1.0
158,8.0,2019-06-11,565639,117,10.0,Final,Milwaukee Brewers,0.0
158,6.0,2019-06-12,565640,117,3.0,Final,Milwaukee Brewers,0.0
158,3.0,2019-06-14,566504,137,5.0,Final,Milwaukee Brewers,0.0
158,7.0,2019-06-15,566505,137,8.0,Final,Milwaukee Brewers,0.0
158,5.0,2019-06-16,566506,137,3.0,Final,Milwaukee Brewers,0.0
158,0.0,2019-06-17,566313,135,2.0,Final,Milwaukee Brewers,0.0
158,1.0,2019-06-18,566314,135,4.0,Final,Milwaukee Brewers,0.0
158,7.0,2019-06-19,566315,135,8.0,Final,Milwaukee Brewers,0.0
113,7.0,2019-06-20,567587,158,1.0,Final,Milwaukee Brewers,1.0
113,11.0,2019-06-21,567588,158,7.0,Final,Milwaukee Brewers,1.0
113,5.0,2019-06-22,567589,158,6.0,Final,Milwaukee Brewers,1.0
113,5.0,2019-06-23,567590,158,7.0,Final,Milwaukee Brewers,1.0
136,8.0,2019-06-25,567591,158,3.0,Final,Milwaukee Brewers,1.0
136,4.0,2019-06-26,567592,158,2.0,Final,Milwaukee Brewers,1.0
136,2.0,2019-06-27,567593,158,4.0,Final,Milwaukee Brewers,1.0
134,3.0,2019-06-28,567594,158,2.0,Final,Milwaukee Brewers,1.0
134,1.0,2019-06-29,567595,158,3.0,Final,Milwaukee Brewers,1.0
134,1.0,2019-06-30,567596,158,2.0,Final,Milwaukee Brewers,1.0
158,8.0,2019-07-01,565259,113,6.0,Final,Milwaukee Brewers,0.0
158,4.0,2019-07-02,565260,113,5.0,Final,Milwaukee Brewers,0.0
158,0.0,2019-07-03,565261,113,3.0,Final,Milwaukee Brewers,0.0
158,0.0,2019-07-04,565262,113,1.0,Final,Milwaukee Brewers,0.0
158,7.0,2019-07-05,566220,134,6.0,Final,Milwaukee Brewers,0.0
158,2.0,2019-07-06,566221,134,12.0,Final,Milwaukee Brewers,0.0
158,5.0,2019-07-07,566222,134,6.0,Final,Milwaukee Brewers,0.0
137,10.0,2019-07-12,567597,158,7.0,Final,Milwaukee Brewers,1.0
137,4.0,2019-07-13,567598,158,5.0,Final,Milwaukee Brewers,1.0
137,8.0,2019-07-14,567599,158,3.0,Final,Milwaukee Brewers,1.0
144,4.0,2019-07-15,567600,158,2.0,Final,Milwaukee Brewers,1.0
144,1.0,2019-07-16,567601,158,13.0,Final,Milwaukee Brewers,1.0
144,4.0,2019-07-17,567602,158,5.0,Final,Milwaukee Brewers,1.0
158,5.0,2019-07-18,564875,109,1.0,Final,Milwaukee Brewers,0.0
158,7.0,2019-07-19,564876,109,10.0,Final,Milwaukee Brewers,0.0
158,8.0,2019-07-20,564877,109,3.0,Final,Milwaukee Brewers,0.0
158,7.0,2019-07-21,564878,109,4.0,Final,Milwaukee Brewers,0.0
113,6.0,2019-07-22,567603,158,5.0,Final,Milwaukee Brewers,1.0
113,14.0,2019-07-23,567604,158,6.0,Final,Milwaukee Brewers,1.0
